diaryofagameaddict.com,0
espdesign.com.au,0
iamagameaddict.com,0
kalantzis.net,0
slightlyoffcenter.net,0
toddscarwash.com,0
tubemoviez.com,0
ipl.hk,0
crackspider.us/toolbar/install.php?pack=exe,0
pos-kupang.com/,0
rupor.info,0
svision-online.de/mgfi/administrator/components/com_babackup/classes/fx29id1.txt,0
officeon.ch.ma/office.js?google_ad_format=728x90_as,0
sn-gzzx.com,0
sunlux.net/company/about.html,0
outporn.com,0
timothycopus.aimoo.com,0
xindalawyer.com,0
freeserials.spb.ru/key/68703.htm,0
deletespyware-adware.com,0
orbowlada.strefa.pl/text396.htm,0
ruiyangcn.com,0
zkic.com,0
adserving.favorit-network.com/eas?camp=19320;cre=mu&grpid=1738&tag_id=618&nums=FGApbjFAAA,0
cracks.vg/d1.php,0
juicypussyclips.com,0
nuptialimages.com,0
andysgame.com,0
bezproudoff.cz,0
ceskarepublika.net,0
hotspot.cz,0
gmcjjh.org/DHL,0
nerez-schodiste-zabradli.com,0
nordiccountry.cz,0
nowina.info,0
obada-konstruktiwa.org,0
otylkaaotesanek.cz,0
pb-webdesign.net,0
pension-helene.cz,0
podzemi.myotis.info,0
smrcek.com,0
spekband.com,0
m2132.ehgaugysd.net/zyso.cgi?18,0
webcom-software.ws/links/?153646e8b0a88,0
worldgymperu.com,0
zgsysz.com,0
oknarai.ru,0
realinnovation.com/css/menu.js,0
hardcorepornparty.com,0
zous.szm.sk,0
noveslovo.com,0
dimsnetwork.com,0
luckyblank.info,0
luckyclean.info,0
luckyclear.info,0
luckyeffect.info,0
luckyhalo.info,0
luckypure.info,0
luckyshine.info,0
luckysuccess.info,0
luckysure.info,0
luckytidy.info,0
nudebeachgalleries.net,0
buffalogoesout.com,0
achren.org,0
associatesexports.com,0
antalya.ru/links/,0
conds.ru,0
img001.com/business/qiji.exe,0
unalbilgisayar.com,0
soundcomputers.net,0
t-sb.net,0
hanulsms.com,0
semengineers.com,0
srslogisticts.com,0
tendersource.com,0
traff1.com/in.cgi?5,0
web-olymp.ru,0
oprahsearch.com/scripts/net19.exe,0
oprahsearch.com/scripts/brez251.exe,0
rl8vd.kikul.com/ci7ka5t2ue,0
sbnc.hak.su/spread.txt,0
somnoy.com,0
incoctel.cl/8RHFBgK4.php?html=27,0
incoctel.cl/8RHFBgK4.php?id=23694557,0
westlifego.com/js/jquery-1.3.2.min.js,0
westlifego.com,0
nadegda-95.ru,0
romsigmed.ro,0
spatsz.com,0
svetyivanrilski.com,0
titon.info,0
tophostbg.net,0
vivaweb.org,0
vocational-training.us,0
warco.pl,0
bde.be,0
pwvita.pl,0
roks.ua,0
skgroup.kiev.ua,0
tecnocuer.com,0
tk-gregoric.si,0
tomalinoalambres.com.ar,0
vipdn123.blackapplehost.com,0
womenslabour.org,0
wroclawski.com.pl,0
xoomer.alice.it/email02/bom.jpg,0
propan.ru/forum/downloads.php,0
firehouse651.com/gallery/images/copyright.txt,0
freewebtown.com/atakus/Nokia/BotNetNew.txt,0
webcashmaker.com/v2/members/trade_traffic.php,0
stormpages.com/script/PHP.txt,0
stormpages.com/master/psy.txt,0
stormpages.com/master/ping.txt,0
stormpages.com/diantara/BOT.txt,0
spykit.110mb.com/tools/id.txt,0
sentrol.cl/components/kampret.jpg,0
kjbbc.net/bbs/data/gallery/1207290228/inbox.txt,0
stormpages.com/ariefdream/nidec.txt,0
stormpages.com/blewah/bot.txt,0
stormpages.com/hasheo/mil.txt,0
stormpages.com/hasheo/naoky.txt,0
stormpages.com/hasheo/ros.txt,0
stormpages.com/master/VoLcoM_04.txt,0
stormpages.com/p38r1/aku.txt,0
stormpages.com/script/PHP.txt,0
stormpages.com/script/ping.txt,0
torgi.kz/help/id2.txt,0
torgi.kz/help/idxx.txt,0
uriyuri.com/bbs/skin/zero_vote/1.txt,0
usaenterprise.com/images/images.txt,0
wigglewoo.com/portfolio/contests/contest-006.png,0
xorgwebs.webs.com/stx.1,0
plengeh.wen.ru/id.txt,0
wahyufian.zoomshare.com/files/bot.txt,0
hospedar.xpg.com.br/nome.txt,0
dl.heima8.com/pv/dl.htm?adid=20132&sid=0211,0
update.51edm.net/20090728/01.dll,0
update.51edm.net/20090728/01.kdg,0
xiruz.kit.net/mola.jpg,0
wfoto.front.ru/fotos.com,0
ska.energia.cz/download/imer.up,0
obyz.de/webproxytest.txt,0
callingcardsinstantly.com/webalizer/050709wareza/crack=17=keygen=serial.html,0
dawnframing.com/webalizer/050709wareza/crack=17=keygen=serial.html,0
free-crochet-pattern.com/webalizer/050709wareza/crack=17=keygen=serial.html,0
js.tongji.linezing.com/1189582/tongji.js,0
oiluk.net/cache/cache_94afbfb2f291e0bf253fcf222e9d238e_180836f9b956ab9d91a50f9add968699,0
adgallery.whitehousedrugpolicy.gov/members/Miley-Cyrus-Nude/default.aspx,0
vvvic.com,0
sportsulsan.co.kr/poll/aipi/id.txt,0
papamamandoudouetmoi.com,0
hst-19-33.splius.lt:8080,0
tabex.sopharma.bg:8080,0
professionalblackbook.com/,0
0koryu0.easter.ne.jp,0
whitesports.co.kr,0
typeofmarijuana.com/,0
trafficgrowth.com/,0
thcvaporizer.com/,0
roorbong.com/,0
thcextractor.com/,0
purethc.com/,0
potvaporizer.com/,0
portablevaporizer.com/,0
cannabispicture.com/,0
cannabislyric.com/,0
dp-medien.eu,0
juedische-kammerphilharmonie.de,0
utopia-muenchen.de,0
vernoblisk.com,0
vural-electronic.com,0
purplehorses.net/?page=bleach-244-online,0
wildsap.com/?kkk=bleach-episodes-244,0
ohiomm.com/?page=bleach-244-vosta,0
saturnleague.com/mxbb/?kkk=bleach-244-english-sub,0
be-funk.com/?kkk=bleach-244-english-sub,0
revistaelite.com/?topic=bleach-244-english-sub,0
wrestlingexposed.com/faq.php?t=bleach-244-english-sub,0
revistaelite.com/?topic=bleach-244-raw,0
santacruzsuspension.com/?j=bleach-episode-245,0
sitepalace.com/w0rmreaper/NoVaC.jpeg,0
doctor-alex.com/files/SetupDrAlex.exe,0
cznshuya.ivnet.ru/,0
tpt.edu.in/,0
inlinea.co.uk,0
downloads-whatsapp.com/whatsapp-for-samsung.php,0
websalesusa.com/ken,0
rempko.sk/kontakt.htm,0
secondome.com/sora-margherita/,0
reishus.de/.sys/?action=fbgen&mode=s&age=193&a=-186345958&v=82&crc=669&ie=6.0.2900.2180,0
sexzoznamka.eu/lightbox/js/r/files/tasks/AC,0
a.update.51edm.net/20100223/01.kdg?md5=ab2676ca2190bc21abcba6e5f5b3b2a7,0
bravetools.net/en/mytools.php,0
vette-porno.nl,0
obkom.net.ua/bancodes/rotator.php?place=indexfoot,0
wkmg.co.kr/bbs/lib/1.txt,0
blacknite.eu/cracking/Pelite.EXE,0
bargainracks.co.uk/img/common/1x2.gif,0
pokachi.net/,0
pride-u-bike.com/2006/09/30/akkymtlator/,0
quotidiennokoue.com/?p=558,0
safety.amw.com/family/ask-john-walsh-how-can-i-tell-if-a-child-has-been-abused/,0
safety.amw.com/home/stop-domestic-violence-before-it-starts/,0
wmserver.net/sgcg/?page_id=5,0
wp9.ru/,0
sanseracingteam.com/wordpress/,0
sanseracingteam.com/wordpress/?p=128,0
sonnoli.com/?page_id=5,0
stirparts.ru/,0
tiergestuetzt.de/,0
pic.starsarabian.com/,0
angolotesti.it/J/testi_canzoni_jovanotti_168/testo_canzone_chissa_se_stai_dormendo_9566.html,0
w612.nb.host127-0-0-1.com/bins/int/kr3_znp.int?fxp=384bd820008ee37f030b3e65bca6e8a1a65beab33574f567a23b0a987ca83e6544e3e645,0
q28840.nb.host127-0-0-1.com/bins/int/tp_map16.int?fxp=5936289861f351e362768cf97e7b45e0648647f26c6d6750fb2298af91238cf9c815a461,0
w4988.nb.host127-0-0-1.com/bins/int/np_pkz.int?affid=NP_0104&fxp=85c26940bd074d9ebe8290842bca496331374b71c3b8806954f77f9,0
z32538.nb.host127-0-0-1.com/bins/int/np_pkz.int?affid=NP_0104&fxp=2ac11c971204a16811817c725e04d68a44f9d4987c472f66eb08d0,0
afa15.com.ne.kr/media/videoxxx.avi.exe,0
rsiuk.co.uk/cinch/index.html,0
fgawegwr.chez.com/images/1273471091.exe,0
montezuma.spb.ru/key/72548.htm,0
freeserials.ws/sn/64850.html,0
allxscan.tk/ddt/load.php?f=1&e=4,0
pornstarss.tk/ntk/index.php?ID=105828,0
helesouurusa.cjb.com/land/video.php?l=4:52&id=1&n=my_loli2&a=mike&path=./tmb/my_loli2/31.jpg&rat=./img/rating5.jpg&v=61545,0
helesouurusa.cjb.com/land/?n=my_loli2&id=1,0
luwyou.com/photos.php,0
update.onescan.co.kr/setupa/onescansetup.exe,0
sudcom.org/tmp/source/index.php,0
sudcom.org/tmp/source/pdf.php,0
scdsfdfgdr12.tk/go/?afid=51,0
scaner-do.tk/go/?afid=51,0
scaner-file.tk/go/?afid=51,0
scaner-figy.tk/go/?afid=51,0
ns2ns1.tk/test/index.php,0
ns2ns1.tk/test/load.php?f=1&e=2,0
scaner-or.tk/go/?afid=51,0
exsexytop.tk/www/index.php,0
exsexytop.tk/www/load.php?f=1&e=2,0
scaner-sboom.tk/go/?afid=96,0
scaner-sbite.tk/go/?afid=,0
scaner-tfeed.tk/go/?afid=96,0
linkforme.tk/www1/load.php?f=1&e=2,0
linkforme.tk/www1/index.php,0
scaner-tgame.tk/go/?afid=51,0
scaner-sdee.tk/go/?afid=51,0
web-fill.tk/go/?afid=51,0
internet-bb.tk/go/?afid=51,0
textsex.tk/str/index.php,0
textsex.tk/str/load.php?f=1&e=4,0
live-dir.tk/go/?afid=51,0
mbrdot.tk/123/index.php,0
mbrdot.tk/123/load.php?f=1&e=6,0
zyxyfy.com/images/ner.html,0
sexyster.tk/lo/index.php,0
puenteaereo.info/KE3pt5Ye/index.html?s=883&lid=2328&elq=11f7b1b5179f45b09737bdf10d0fe61f,0
serciudadano.com.ar/wp-content/uploads/report.htm,0
zjjlf.croukwexdbyerr.net/zyso.cgi?16,0
panazan.ro/online/libraries/pattemplate/patTemplate/Modifier/HTML/im/o/z/3pingo/cfg.bin,0
panazan.ro/online/libraries/pattemplate/patTemplate/Modifier/HTML/im/o/z/3pingo/gate.php,0
two-of-us.at/images/W.exe,0
poffet.net/mail.htm,0
ns1.updatesdns.org/static.htmls,0
topdecornegocios.com.br/EiqyDBxS/index.html,0
win2150.vs.easily.co.uk/f49oj2TB/index.html,0
stailapoza.ro/9kxmzBou/index.html,0
two-of-us.at/images/vein.exe,0
qualityindustrialcoatings.com/wM19L5ST/index.html,0
avrakougioumtzi.gr/r3qd8wqB/index.html,0
two-of-us.at/images/s4x.exe,0
two-of-us.at/images/s2x.exe,0
wetjane.x10.mx/,0
storgas.co.rs/ahinfo.html,0
two-of-us.at/images/s2.exe,0
two-of-us.at/images/m.exe,0
two-of-us.at/images/digitalcoinminer.exe,0
two-of-us.at/images/dgc4x.exe,0
two-of-us.at/images/dc.exe,0
elew72isst.rr.nu/mm.php?d=x1,0
two-of-us.at/images/bz.exe,0
two-of-us.at/images/BR.exe,0
two-of-us.at/images/aurcoinlab.exe,0
markbruinink.nl/wp-admin/cnt.php,0
perupuntocom.com/claroideas.exe,0
asu.msmu.ru/templates/atomic/check.php,0
parfumer.by/templates/atomic/check.php,0
two-of-us.at/images/au4x.exe,0
vdh-rimbach.de/oben/oben.htm,0
xamateurpornlic.www1.biz/latest/xxx-porn-movie.avi.exe,0
two-of-us.at/images/1.exe,0
two-of-us.at/images/pictures.php,0
tracking-stats-tr.usa.cc/links/convinces_lain_arranges.php,0
publiccasinoil.com/links/orders-addressing_peace_driver.php,0
stjohnsdryden.org/img/common/download.php,0
3.bluepointmortgage.com/links/landing-philosophy_dry-suspende.php,0
3.coolerpillow.com/links/landing-philosophy_dry-suspende.php,0
4.androidislamic.com/links/created_danger.php,0
4.collecorvino.org/links/landing-philosophy_dry-suspende.php,0
4.dlevo.com/links/landing-philosophy_dry-suspende.php,0
milleniumpapelaria.com.br/tag/class/editor.php?edit=gz,0
xpornstarsckc.ddns.name/latest/xxx-porn-movie.avi.exe,0
natural.buckeyeenergyforum.com/r/l/the-joint.php,0
narrow.azenergyforum.com/r/l/brown_season.php,0
upswings.net/track.php?c005,0
lyzgs.com/track.php?c005,0
weboxmedia.by/track.php?c005,0
4.dlevo.com/links/created_danger.php,0
4.e-why.net/links/becoming-either.php,0
ukrfarms.com.ua/images/tovar.jpg.php,0
babos.scrapping.cc/v211112n/i.php?token=forum,0
2607.cn/1/t1.php,0
5.eventiduepuntozero.com/links/becoming-either.php,0
5.estasiatica.com/links/becoming-either.php,0
mlpoint.pt/Scripts/d.html,0
4.newenergydata.biz/links/apply-grants_catch.php,0
gravityexp.com/go.php?sid=12,0
4.newenergydata.info/links/apply-grants_catch.php,0
4.periziavela.com/links/dedicates_user.php,0
4.pianetapollo.com/links/dedicates_user.php,0
winlock.usa.cc/k8uiaii89819aj/get.php?f=7,0
dev.wrathofshadows.net/255163377.htm,0
img.coldstoragemn.com/links/demands-lower.php,0
img.sspbaseball.org/links/demands-lower.php,0
nikolamireasa.com/less/demands-probably.php,0
analxxxclipsyjh.dnset.com/latest/amateur_dog_sex_01.avi.exe,0
private.hotelcesenaticobooking.info/r/l/updating-bugs_keeping.php,0
6.bbnface.com/string/obscure-logs-useful.php,0
6.mamaswishes.com/string/obscure-logs-useful.php,0
6.bbnfaces.net/string/obscure-logs-useful.php,0
4.whereintoscana.com/string/obscure-logs-useful.php,0
4.whereintrentinoaltoadige.com/string/obscure-logs-useful.php,0
4.whereinpuglia.com/string/obscure-logs-useful.php,0
4.whereinsicilia.com/string/obscure-logs-useful.php,0
4.whereinliguria.com/string/obscure-logs-useful.php,0
4.whereinsardegna.com/string/obscure-logs-useful.php,0
4.whereinmolise.com/string/obscure-logs-useful.php,0
4.whereinpiemonte.com/string/obscure-logs-useful.php,0
4.whereinmilan.com/string/obscure-logs-useful.php,0
4.whereinlazio.com/string/obscure-logs-useful.php,0
4.whereinlombardy.com/string/obscure-logs-useful.php,0
4.whereinitaly.com/string/obscure-logs-useful.php,0
4.whereinsicily.com/string/obscure-logs-useful.php,0
6.bbnsmsgateway.com/string/obscure-logs-useful.php,0
port.bg/wfgv.html?php=receipt,0
webordermanager.com,0
videoflyover.com,0
quinnwealth.com/main.php?page=5e0cdb0ca7f86ed0,0
0uk.net/zaaqw/Pony.exe,0
cwmgaming.com,0
11.lamarianella.info/read/defined_regulations-frequently.php,0
0uk.net/zaaqw/cs.exe,0
penwithian.co.uk/hyperventilate/sporran.js,0
ukonline.hc0.me/new.exe,0
penwithian.co.uk/hyperventilate/sporran.js,0
50efa6486f1ef.skydivesolutions.be/news/refusal/natural.cgi,0
ukonline.hc0.me/Host.exe,0
somethingnice.hc0.me/Miner/CPUMiner.files,0
avirasecureserver.com/values/extreme-soonest.php,0
directxex.com/uploads/965775728.crypt.exe,0
directxex.com/uploads/813441197.ms.exe?dl=1813441197.ms.exe,0
directxex.com/uploads/565785830.been.exe,0
directxex.com/uploads/482862824.kmahard.exe,0
directxex.com/uploads/472678730.2113899106.puttymanager.exe,0
directxex.com/uploads/39164388.ms.exe?dl=1,0
directxex.com/uploads/341043287.crypted.exe,0
directxex.com/uploads/2056064399.ms.exe,0
directxex.com/uploads/1870347935.http.exe,0
directxex.com/uploads/1835173533.ms.exe?dl=11835173533.ms.exe,0
offerent.com/tmp/5lro65.php?receipt_print=825_417011330,0
slayerlife.com/nbh/sends/ftc.php,0
directxex.com/uploads/1803412028.mintt.exe,0
directxex.com/uploads/1491944748.whaat.exe,0
directxex.com/uploads/1599687595.ms.exe?dl=11599687595.ms.exe,0
mycleanpc.tk/download/,0
bbs.bjchun.com/report.htm,0
customsboysint.com/1/25/human-head-wireframe,0
directxex.com/uploads/1271351103.ms.exe?dl=1,0
directxex.com/uploads/1271351103.ms.exe,0
daspar.net/components/.kkcpgr.php?action=ss00_323,0
totszentmarton.hu/riding.htm,0
freefblikes.phpnet.us,0
directxex.com/uploads/1005443056.cryptedserver.exe,0
yougube.com,0
youtuhe.com,0
ukonline.hc0.me/Host.exe,0
youtibe.com,0
ukonline.hc0.me/new.exe,0
tdms.saglik.gov.tr/KDV_Guncel_Tevkifat_Oranlari.htm,0
sunny99.cholerik.cz/plugins/3yvPRqFJ.php,0
rooversadvocatuur.nl/rel.php,0
malest.com,0
dl01.faddmr.com/n/e176d94e-d9b7-11e2-a752-00259033c1da/Setup.exe?tid=102dccc4aa5799d2efb748b9dd0e4fFake,0
dl01.faddmr.com/n/3.0.15.1/9041377/Setup.exe?tid=102dccc4aa5799d2efb748b9dd0e4f,0
rebeccacella.com/wp-content/plugins/subscribe/,0
lowes-pianos-and-organs.com/images/d521c2a038/?zAXbu4Wah12XtNHf0YTNwgTNwIjM0ATMzIDfvgzMwEmMjFjM1Q2LzV2Zh1Wav02bj5,0
lcbcad.co.uk/4541b36fdd41b9610c2e870b21fc5022/q.php,0
v.inigsplan.ru/lich/inc/v7675/?/,0
mailboto.com/landing/themes/bluemarine/corso/index.htm,0
guyscards.com/adobe/,0
guyscards.com/adobe/update_flash_player.exe,0
teameda.comcastbiz.net/expanding/index.html,0
wc0x83ghk.homepage.t-online.de/communed/ameba.js,0
instruminahui.edu.ec/201403/editor.html,0
server1.extra-web.cz/dbm.exe,0
nutnet.ir/dl/nnnew.txt,0
eliehabib.com/topic/regard_alternate_sheet.php,0
kipasdenim.com/images/wp-sts.php,0
praxisww.com/wp-stc.php,0
romvarimarton.hu/wp-stc.php,0
saemark.is/wp-content/plugins/wp-sts.php,0
vitamasaz.pl/wp-stc.php,0
coloritpak.by/wp-stc.php,0
fasadobygg.com/wp-stc.php,0
hausnet.ru/wp-stc.php,0
joomlalivechat.com/wp-stc.php,0
litra.com.mk/wp-sts.php,0
over50datingservices.com/wp-stc.php,0
praxisww.com/wp-stc.php,0
saemark.is/wp-content/plugins/wp-sts.php,0
wyroki.eu/wp-stc.php,0
manoske.com/main.php?label=TJaxqKIV0+wlz0MJN5SxypUhWaVDQDqE4PwfdxjPls0=,0
mmile.com/images/rhcs05.exe,0
highflyingfood.com/images/vids/adobe_flash.exe,0
highflyingfood.com/images/vids/,0
highflyingfood.com/images/vids/qp.php?out,0
highflyingfood.com/images/vids/archives/porno1.zip,0
highflyingfood.com/images/vids/archives/porno2.zip,0
highflyingfood.com/images/vids/archives/porno3.zip,0
highflyingfood.com/images/vids/archives/porno4.zip,0
highflyingfood.com/images/vids/archives/porno5.zip,0
highflyingfood.com/images/vids/archives/porno6.zip,0
windspotter.net/?r=site/widget,0
luggage-tv.com/adobe/update_flash_player.exe,0
luggagepreview.com/adobe/update_flash_player.exe,0
luggagecast.com/adobe/update_flash_player.exe,0
kapcotool.com/adobe/update_flash_player.exe,0
kapcotool.com/topic/able_disturb_planning.php,0
luggage-tv.com//topic/able_disturb_planning.php,0
luggagepreview.com//topic/able_disturb_planning.php,0
by98.com/reincarnate/index.html,0
ad.getfond.info,0
dcanscapital.co.uk/panhandled/scientists.js,0
japanesevehicles.us/vector/internees.js,0
teameda.net/tipsier/stuttgart.js,0
luggagecast.com/topic/able_disturb_planning.php,0
mmile.com/images/bl.exe,0
moviedownloader.net/d/GraboidMovieDownloader-3.54.exe,0
bluecutsystem.com/load3.exe,0
tube8vidsvrx.ddns.name/2013/girl-fucked-by-dog.avi.exe,0
tube8vidsvtp.dnset.com/2013/girl-fucked-by-dog.avi.exe,0
tube8vidswsy.dnset.com/2013/girl-fucked-by-dog.avi.exe,0
tube8vidswtb.ddns.name/2013/girl-fucked-by-dog.avi.exe,0
tube8vidswys.ddns.name/2013/girl-fucked-by-dog.avi.exe,0
tube8vidsxlo.ddns.name/2013/girl-fucked-by-dog.avi.exe,0
tube8vidsxmx.dnset.com/2013/girl-fucked-by-dog.avi.exe,0
tube8vidsxpg.ddns.name/2013/girl-fucked-by-dog.avi.exe,0
tube8vidsxpp.dnset.com/2013/girl-fucked-by-dog.avi.exe,0
tube8vidsxwu.ddns.name/2013/girl-fucked-by-dog.avi.exe,0
tube8vidsycs.dnset.com/2013/girl-fucked-by-dog.avi.exe,0
tube8vidsyip.ddns.name/2013/girl-fucked-by-dog.avi.exe,0
tube8vidsymz.dnset.com/2013/girl-fucked-by-dog.avi.exe,0
tube8vidsyre.dnset.com/2013/girl-fucked-by-dog.avi.exe,0
tube8vidsyyf.dnset.com/2013/girl-fucked-by-dog.avi.exe,0
tube8vidszmi.ddns.name/2013/girl-fucked-by-dog.avi.exe,0
tube8vidsznj.ddns.name/2013/girl-fucked-by-dog.avi.exe,0
tube8vidsznx.ddns.name/2013/girl-fucked-by-dog.avi.exe,0
tube8vidscqs.ddns.name/2013/girl-fucked-by-dog.avi.exe,0
tube8vidscut.ddns.name/2013/girl-fucked-by-dog.avi.exe,0
tube8vidsdob.dnset.com/2013/girl-fucked-by-dog.avi.exe,0
tube8vidsdst.ddns.name/2013/girl-fucked-by-dog.avi.exe,0
tube8vidsfgd.ddns.name/2013/girl-fucked-by-dog.avi.exe,0
tube8vidshhr.ddns.name/2013/girl-fucked-by-dog.avi.exe,0
tube8vidshkk.ddns.name/2013/girl-fucked-by-dog.avi.exe,0
tube8vidshrw.dnset.com/2013/girl-fucked-by-dog.avi.exe,0
tube8vidsiet.ddns.name/2013/girl-fucked-by-dog.avi.exe,0
tube8vidsiww.ddns.name/2013/girl-fucked-by-dog.avi.exe,0
tube8vidsjac.dnset.com/2013/girl-fucked-by-dog.avi.exe,0
tube8vidsjan.ddns.name/2013/girl-fucked-by-dog.avi.exe,0
tube8vidsjhn.ddns.name/2013/girl-fucked-by-dog.avi.exe,0
tube8vidsjtq.ddns.name/2013/girl-fucked-by-dog.avi.exe,0
tube8vidslmf.dnset.com/2013/girl-fucked-by-dog.avi.exe,0
tube8vidslni.dnset.com/2013/girl-fucked-by-dog.avi.exe,0
tube8vidslqk.ddns.name/2013/girl-fucked-by-dog.avi.exe,0
tube8vidslrz.ddns.name/2013/girl-fucked-by-dog.avi.exe,0
tube8vidsnlq.dnset.com/2013/girl-fucked-by-dog.avi.exe,0
tube8vidsnrt.ddns.name/2013/girl-fucked-by-dog.avi.exe,0
tube8vidsnvd.ddns.name/2013/girl-fucked-by-dog.avi.exe,0
tube8vidsnyp.dnset.com/2013/girl-fucked-by-dog.avi.exe,0
tube8vidsolh.ddns.name/2013/girl-fucked-by-dog.avi.exe,0
tube8vidsotz.dnset.com/2013/girl-fucked-by-dog.avi.exe,0
tube8vidsowd.dnset.com/2013/girl-fucked-by-dog.avi.exe,0
tube8vidspeq.ddns.name/2013/girl-fucked-by-dog.avi.exe,0
yumekin.com/inde.php,0
yumekin.com/inde.php?comercial@cohesp.com.br,0
keyways.pt/~keyways/1.html,0
lccl.org.uk/1.html,0
nt-associates.com/1.html,0
ads.wikipartes.com/all/test.php,0
nestorconsulting.net/1.html,0
portraitphotographygroup.com/~lorijill/1.html,0
d1054130-28095.cp.blacknight.com/1.html,0
mylabsrl.com/1.html,0
tavuks.com/_vti_bin/1und1.php/,0
ozzysixsixsix.web.fc2.com/1.html,0
alisat.biz/1.html,0
109-204-26-16.netconnexion.managedbroadband.co.uk/1.html,0
nothingcompares.co.uk/1.html,0
ip-182-50-129-164.ip.secureserver.net/1.html,0
cluster013.ovh.net/~bgfiban/1.html,0
users173.lolipop.jp/~lolipop.jp-204f9d446b7f9eb/1.html,0
alexandria90.etcserver.com/~psychica/1.html,0
nortonfire.co.uk/1.html,0
hrdcvn.com.vn/1.html,0
finnhair.co.uk/1.html,0
advancetec.co.uk/1.html,0
tamilcm.com/1.html,0
noobgirls.com/pussy.php,0
noobgirls.com/pussy.exe,0
landisbaptist.com/1.html,0
3peaks.co.jp/1.html,0
corroshield.estb.com.sg/1.html,0
d1171912.cp.blacknight.com/1.html,0
phitenmy.com/1.html,0
marchen-toy.co.jp/1.html,0
salon77.co.uk/1.html,0
divine.lunarbreeze.com/~xenoa3/1.html,0
kadman.net/1.html,0
sysconcalibration.com/1.html,0
ip-182-50-129-181.ip.secureserver.net/~venkat/1.html,0
treventuresonline.com/1.html,0
plantes-sauvages.fr/fiche_lierre_terrestre.htm,0
miracema.rj.gov.br/counter.php,0
bedoc.fr/js/ypSlideOutMenusC.js,0
cordonnerie-fb.fr/,0
kylie-walters.com/wp-content/plugins/1und1.php,0
exelio.be/references,0
bio-air-technologies.com/photos-videos/Kenzen2/,0
plantes-sauvages.fr/stage_reliance.htm,0
rallye-de-fourmies.com/get_photo.php,0
gulsproductions.com/css/bank-of-america-credit-card-payment-mailing-address,0
gulsproductions.com/css/baixar-jogos-de-futebol-gratis-no-baixaki,0
gulsproductions.com/css/baixar-mozilla-firefox-portugues-brasil,0
gulsproductions.com/css/baixar-supernatural-6-temporada-dublado-orkoogle,0
gulsproductions.com/css/baixar-winrar-x64-baixaki,0
gulsproductions.com/css/baja-roof-racks-in-stock-perth,0
gulsproductions.com/css/baked-mozzarella-sticks-recipe-pinterest,0
gulsproductions.com/css/baked-seafood-pasta-alfredo-recipe,0
gulsproductions.com/css/bakers-shoes-closing-atlanta,0
gulsproductions.com/css/baladas-em-balneario-camboriu-hoje,0
gulsproductions.com/css/balaji-temple-nj-calendar-2012,0
gulsproductions.com/css/ballet-music-free-mp3,0
gulsproductions.com/css/ballistic-calculator-app-ipad,0
gulsproductions.com/css/balmoral-hat-green,0
gulsproductions.com/css/baltimore-orioles-hats-over-the-years,0
gulsproductions.com/css/bandon-golf-club-tee-times,0
gulsproductions.com/css/ejercicios-resueltos-de-suma-directa-de-subespacios-vectoriales,0
gulsproductions.com/css/navajo-language-translation-hello,0
gulsproductions.com/css/pelatihan-inti-energi-tubuh,0
gulsproductions.com/css/student-of-the-year-movie-review-ndtv,0
gulsproductions.com/css/tablatura-de-november-rain-solo-final,0
gulsproductions.com/index-2.php,0
les-ptits-dodos.com/,0
bien-vivre-en-sarladais.com/index.php?rub=5,0
village-gabarrier.com/tarifs.htm,0
chemgas.com/order2.html,0
chemgas.com/counter.php,0
soskin.eu/index.php?option=com_content,0
village-gabarrier.com/geo3.htm,0
marcilly-le-chatel.fr/js/jquery.ez-bg-resize.js,0
ecoleprincessedeliege.be/includes,0
urban-motorcycles.com,0
urban-motorcycles.com/catalog/product_info.php?osCsid=42fe9edab83f8e0f45d6f1ee3daf61fb,0
emailing.wildcard.fr/,0
ville-st-remy-sur-avre.fr/images/stories/vie_pratique/salle_location_oscar.jpg,0
emailing.wildcard.fr/passepasse/news_gd_public/,0
aucoeurdelanature.com/dossier_secrets_quantiques.htm,0
surfguide.fr/surf-portugal,0
hoteldelamer-tregastel.com/_Information.for.all/?orjkykip,0
paliteo.com/en/contact/,0
tremplin84.fr/components/BIG/2013gdocs/,0
sos-medecins-stmalo.fr/templates/redevo_allium_j15/images/bgred.jpg,0
lajourneeducommercedeproximite.fr/jncp/images/documents/mouy/adw.html,0
lajourneeducommercedeproximite.fr/jncp/images/documents/mouy/,0
soskin.eu/index.php,0
tecla-technologies.fr/spip.php,0
signready.com/counter.php,0
amdfrance.com/index.php,0
cap2zen.com/contact.html,0
jo-2012.fr/sportifs-hommes-jo/sportifs-escrime/,0
vistatech.us/gangplanks/trysted.exe,0
batcoroadlinescorporation.com/concedes/diggers.exe,0
updat120.clanteam.com,0
updat120.clanteam.com/ie7.htm,0
updat120.clanteam.com/ie8.htm,0
updat120.clanteam.com/calc,0
tvnews.or.kr/web/main.gif,0
tvnews.or.kr/web/view.html,0
tvnews.or.kr/web/menu.gif,0
id405441215-8305493831.h121h9.com/,0
dent-lux.com.pl/02-2014/bills/tr-264-365-11.zip,0
studiochiarelli.eu/02-2014/clients/order.3757.zip,0
toochattoo.com/fond-ecran-anime/chinois1.exe,0
somethingnice.hc0.me/Miner/Miner.txt,0
somethingnice.hc0.me/Miner/jhProtominer.files,0
somethingnice.hc0.me/Miner/GPUMiner.files,0
onrio.com.br/site/Pdf/,0
somethingnice.hc0.me/Miner/CPUMiner.files,0
portalfiremasters.com.br/Fatura.Pdf.rar,0
divshare.com/direct/25151579-efd.mexx,0
edf.fr.kfskz.com/facture_edf.pdf.03.exe,0
bracewellfamily.com/PayInfo.zip?JQrk Trojan.Zbot,0
smartgvcfunding.com/Invoice.zip?21VJRpXbAFI7wa Trojan.Zbot,0
fabioalbini.com/Order.zip?YIjoBgGhCBbs Trojan.Zbot,0
funchill.com/Invoice.zip,0
nc2199.eden5.netclusive.de/Invoice.zip,0
notebookservisru.161.com1.ru/PayInfo.zip,0
fabioalbini.com/Invoice.zip,0
notaverde.com/Invoice.zip,0
directxex.com/uploads/841642867.johny.exe,0
directxex.com/uploads/1769382244.HDPlayer_BETA_installer_v2.55.exe,0
directxex.com/uploads/606454025.Download.exe,0
directxex.com/uploads/214894250.pics.rar,0
directxex.com/uploads/1483904659.photooamirat-annaba.exe,0
directxex.com/uploads/1844534592.avg.exe,0
download-archiver.ru,0
downloads-finereader.ru,0
myvksaver.ru,0
winrar-soft.ru,0
download-archiver.ru/download.php?file=winrar,0
downloads-finereader.ru/download.php?file=winrar,0
myvksaver.ru/download.php?file=winrar,0
winrar-soft.ru/download.php?file=winrar,0
download-archiver.ru/download.php?file=winrar,0
resolvethem.com,0
vitalityxray.com,0
fallencrafts.info,0
e1r.net/download/3.exe,0
e1r.net/download/xwmltc.exe,0
e1r.net/download/pts.exe,0
e1r.net/download/ca.exe,0
e1r.net/download/beef.tgz,0
e1r.net/download/x86.exe,0
e1r.net/download/wmltc.exe,0
ru.theswiftones.com/,0
mgfd1b.petrix.net/5i9fh30/?2,0
mgfd1b.petrix.net/5i9fh30/counter.php?fid=2,0
mirandolasrl.it/inddex.html,0
mirandolasrl.it/index.zip,0
dianepiette.co.uk/inddex.html,0
dianepiette.co.uk/index.zip,0
seal-technicsag.ch/inddex.html,0
h1666015.stratoserver.net/inddex.html,0
h1666015.stratoserver.net/inddex.html,0
seal-technicsag.ch/inddex.html,0
plantaardigebrandstof.nl/inddex.html,0
seal-technicsag.ch/index.zip,0
h1666015.stratoserver.net/index.zip,0
h1666015.stratoserver.net/index.zip,0
seal-technicsag.ch/index.zip,0
plantaardigebrandstof.nl/index.zip,0
ama-alliance.com/inddex.html,0
faiyazahmed.com/inddex.html,0
boschetto-hotel.gr/inddex.html,0
ama-alliance.com/index.zip,0
faiyazahmed.com/index.zip,0
boschetto-hotel.gr/index.zip,0
nlconsulateorlandoorg.siteprotect.net/index.zip,0
images.topguncustomz.com/index.zip,0
nlconsulateorlandoorg.siteprotect.net/inddex.html,0
images.topguncustomz.com/inddex.html,0
acquisizionevideo.com/download-software-free.html/uploads/4/9/4/6/4946671/mp3mymp3install.exe,0
sgs.us.com/sU3P6pqaWwkJ/,0
anshrit.com/images/m216.exe,0
4dexports.com/images/wav1.exe,0
bracbetul.com/images/sh-pdf.exe,0
merrymilkfoods.com/wp-content/uploads/2014/01/wav.exe,0
powershopnet.net,0
best100catfights.com,0
blackfalcon5.net,0
dancecourt.com,0
femalewrestlingnow.com,0
fetishfitnessbabes.com,0
fetishlocator.com,0
hotfacesitting.com,0
jeansvixens.com,0
oilwrestlingeurope.com,0
sexyoilwrestling.com,0
marss.eu/,0
ocpersian.com,0
sasenergia.pt/images/highslide/highslide-with-gallery.js,0
optilogus.com/twmfizdfmu/lteqwxftti.html,0
flashsavant.com/cqavunntfg/kuldytebws.html,0
becomedebtfree.com.au/ttlnlmwbox/ctinpfgeob.html,0
unitex.home.pl/bbhdskxelc/wlqcwttani.html,0
becomedebtfree.com.au/zscczqbncu/nrrwalnlba.html,0
hobbytotaalservice.nl/dspbhbslyt/twzokdiymd.html,0
bnsoutlaws.co.uk/xzvltaqahm/hrbturjzuh.html,0
bnsoutlaws.co.uk/vhwqpjheft/nlxclwfmym.html,0
bnsoutlaws.co.uk/sadpwzhoww/durnmjxqyj.html,0
artsconsortium.org/znquvoclmr/bamgrmqmgb.html,0
sports.espn.go.com/nfl/playoffs03/columns/story?columnist=paolantonio_sal&id=1703538,1
sports.espn.go.com/nfl/playoffs05/sbnext/news/story?page=sbnext/2003,1
sports.espn.go.com/nfl/playoffs07/news/story?id=3227245,1
sports.espn.go.com/nfl/playoffs07/series?series=jacnwe2007,1
sports.espn.go.com/nfl/playoffs07/series?series=nyggnb2007,1
sports.espn.go.com/nfl/playoffs07/series?series=sdgind2007,1
sports.espn.go.com/nfl/playoffs2008/series?series=indsdg2008,1
sports.espn.go.com/nfl/playoffs2008/series?series=sdgpit2008,1
sports.espn.go.com/nfl/trainingcamp10/news/story?id=5423019,1
sports.espn.go.com/nfl/trainingcamp10/news/story?id=5466290,1
sports.espn.go.com/nfl/trainingcamp10/news/story?id=5493269,1
sports.espn.go.com/nhl/columns/story?columnist=buccigross_john&id=2660069,1
sports.espn.go.com/nhl/columns/story?columnist=burnside_scott&id=3929411,1
sports.espn.go.com/nhl/columns/story?columnist=burnside_scott&id=4326789,1
sports.espn.go.com/nhl/columns/story?id=1989377,1
sports.espn.go.com/nhl/draft2010/news/story?id=5329039,1
sports.espn.go.com/nhl/feature/featureStory?page=2004worldcup,1
sports.espn.go.com/nhl/news/story?id=2363974,1
sports.espn.go.com/nhl/news/story?id=3783709,1
sports.espn.go.com/nhl/news/story?id=3840343,1
sports.espn.go.com/nhl/news/story?id=3909857,1
sports.espn.go.com/nhl/news/story?id=4143432,1
sports.espn.go.com/nhl/news/story?id=4200193,1
sports.espn.go.com/nhl/news/story?id=4715072,1
sports.espn.go.com/nhl/news/story?id=4818137,1
sports.espn.go.com/nhl/news/story?id=5146824,1
sports.espn.go.com/nhl/news/story?id=5499905,1
sports.espn.go.com/nhl/news/story?id=5522219,1
sports.espn.go.com/nhl/news/story?id=5629348,1
sports.espn.go.com/nhl/news/story?id=5648821,1
sports.espn.go.com/nhl/news/story?id=5954162,1
sports.espn.go.com/nhl/news/story?id=5998433,1
sports.espn.go.com/nhl/news/story?id=6089574,1
sports.espn.go.com/nhl/news/story?id=6363681,1
sports.espn.go.com/nhl/news/story?id=6431051,1
sports.espn.go.com/nhl/news/story?id=6697424,1
sports.espn.go.com/nhl/news/story?id=6713393,1
sports.espn.go.com/nhl/news/story?page=nhlartross,1
sports.espn.go.com/nhl/news/story?page=nhlcalder,1
sports.espn.go.com/nhl/notebook?page=notebook/nhl_brodeur_09record,1
sports.espn.go.com/nhl/playbyplay/_/id/251110024/calgary-flames-vs-phoenix-coyotes,1
sports.espn.go.com/nhl/playoffs/2010/columns/story?columnist=burnside_scott&id=5173071,1
sports.espn.go.com/nhl/playoffs/2010/columns/story?columnist=lebrun_pierre&id=5270113,1
sports.espn.go.com/nhl/playoffs/2010/news/story?id=5234202,1
sports.espn.go.com/nhl/playoffs/2010/news/story?id=5239983,1
sports.espn.go.com/nhl/playoffs/2011/news/story?id=6603216,1
sports.espn.go.com/nhl/playoffs/2011/news/story?id=6658486,1
sports.espn.go.com/nhl/playoffs/2011/news/story?id=6669115,1
sports.espn.go.com/nhl/preview/_/id/400046774/nashville-predators-vs-st-louis-blues,1
sports.espn.go.com/nhl/preview/_/id/400047286/chicago-blackhawks-vs-colorado-avalanche,1
sports.espn.go.com/nhl/preview/_/id/400047341/san-jose-sharks-vs-new-jersey-devils,1
sports.espn.go.com/nhl/preview/_/id/400047535/san-jose-sharks-vs-nashville-predators,1
sports.espn.go.com/nhl/preview/_/id/400047769/nashville-predators-vs-chicago-blackhawks,1
sports.espn.go.com/oly/figureskating/columns/story?columnist=voepel_mechelle&id=6069361,1
sports.espn.go.com/oly/figureskating/news/story?id=6559865,1
sports.espn.go.com/oly/summer08/fanguide/sport?sport=bk,1
sports.espn.go.com/rpm/columns/story?seriesId=4&columnist=blount_terry&id=2691419,1
sports.espn.go.com/rpm/driver?driverId=543,1
sports.espn.go.com/sports/tennis/news/story?id=3336163,1
sports.espn.go.com/sports/tennis/news/story?id=4485041,1
sports.espn.go.com/sports/tennis/news/story?id=5732358,1
sports.espn.go.com/sports/tennis/usopen05/news/story?page=usopen05/historydoubles,1
sports.espn.go.com/wnba/playbyplay?gameId=310901017,1
sports.fullerton.edu/gymnastics/2002/headlines/atuclaquad.html,1
sports.fullerton.edu/mbasketball/almanac/career.html,1
sports.gourt.com/Hockey/Ice-Hockey/Rinks.html,1
sports.groups.yahoo.com/group/california-volleyball-north/messages/563,1
sports.groups.yahoo.com/group/california-volleyball-south/messages/1820,1
sports.groups.yahoo.com/group/vivianvachonwrestlingqueen/,1
sports.gunaxin.com/jimmy-howard-doesnt-care-for-your-shit-sidney-crosby/50880,1
sports.gunaxin.com/the-top-ten-nhl-draft-busts/39267,1
sports.ha.com/c/item.zx?saleNo=7032&lotIdNo=122025,1
sports.ha.com/c/item.zx?saleNo=710&lotNo=20055,1
sports.ha.com/common/auction/catalogprint.php?SaleNo=410023&src=,1
sports.ha.com/common/auction/catalogprint.php?SaleNo=702&src=,1
sports.in.msn.com/othersports/article.aspx?cp-documentid=3252828,1
sports.incredible-people.com/baseball/,1
sports.jrank.org/pages/2977/Mahre-Phil.html,1
sports.jrank.org/pages/3331/Morris-Jim-Derailed-by-Arm-Injuries.html,1
sports.jrank.org/pages/5321/Williams-Esther.html,1
sports.jrank.org/pages/567/Bossy-Mike.html,1
sports.jrank.org/pages/708/Budge-Don.html,1
sports.ladbrokes.com/en-gb/boxing/upcoming-fights/andre-ward-vs-carl-froch-e215105304,1
sports.mhc.edu/additionalinfo/HOF.htm,1
sports.nationalpost.com/2010/07/09/further-proof-that-the-2003-nhl-entry-draft-was-the-best-of-all-time/,1
sports.nationalpost.com/2010/10/29/cfl-picks-week-18-momentum-matters/,1
sports.nationalpost.com/2010/11/19/pat-burns-dead-at-58-report/,1
sports.nationalpost.com/2010/12/15/flashback-tony-proudfoots-words/,1
sports.nationalpost.com/2010/12/15/tony-proudfoot-the-time-has-come/,1
sports.nationalpost.com/2011/04/20/vincent-damphousse%e2%80%99s-estranged-wife-faces-assault-charges/,1
sports.nationalpost.com/2011/04/21/lions%e2%80%99-davis-detained-in-u-s-on-drug-charges/,1
sports.nationalpost.com/2011/05/19/blackhawks-invest-in-corey-crawford/,1
sports.nationalpost.com/2011/06/07/gold-cup-will-play-big-role-in-shaping-canadas-team/,1
sports.nationalpost.com/2011/06/28/montreal-impact-coach-dos-santos-resigns/,1
sports.nationalpost.com/2011/06/30/cfl-preview-looking-at-the-west/,1
sports.nationalpost.com/2011/06/30/post-panel-breaking-down-the-2011-cfl-season/,1
sports.nationalpost.com/2011/08/04/former-expos-president-says-mlb-wont-be-back-in-montreal/,1
sports.nationalpost.com/2011/09/18/canadas-rugby-team-proved-they-belong/,1
sports.nationalpost.com/2011/10/24/toronto-fc-ends-season-with-a-hint-of-hope/,1
sports.nationalpost.com/2011/11/03/canada-tweaking-game-ahead-of-world-cup-qualifiers/,1
sports.nationalpost.com/2011/11/06/hickstead-dead-eric-lamaze%e2%80%99s-gold-medal-winning-horse-dies-suddenly/,1
sports.nationalpost.com/tag/canadian-football-league/,1
sports.nationalpost.com/tag/damon-duval/,1
sports.nationalpost.com/tag/david-braley/,1
sports.nationalpost.com/tag/greg-rusedski/,1
sports.nationalpost.com/tag/jake-rayner/,1
sports.nationalpost.com/tag/jamie-boreham/,1
sports.nationalpost.com/tag/john-mcdonald/,1
sports.nationalpost.com/tag/max-pacioretty/,1
sports.nationalpost.com/tag/natalie-rayner/,1
sports.nationalpost.com/tag/roberto-luongo/,1
sports.nationalpost.com/tag/washington-capitals/,1
sports.ndtv.com/formula-1/news/item/174542-alonso-tops-crash-hit-canadian-grand-prix-practice?pfrom=home-Sports,1
sports.olympic.uk.com/,1
sports.omaha.com/2011/10/04/espnu-to-check-out-bluejay-madness/,1
sports.outsidethebeltway.com/2007/09/former-mlb-pitcher-bill-hery-dead-at-83-alive-at-79/,1
sports.outsidethebeltway.com/2008/11/san-diego-state-fires-football-coach-chuck-long/,1
sports.popcrunch.com/20-biggest-american-football-stadiums/,1
sports.rightpundits.com/?p=2669,1
sports.rightpundits.com/?p=3984,1
sports.rightpundits.com/?p=5673,1
sports.rightpundits.com/?p=5767,1
sports.rightpundits.com/?p=6290,1
sports.rightpundits.com/?p=6443,1
sports.rightpundits.com/?p=845,1
sports.saputo.com/FAEQAthletes/Default.aspx,1
sports.saputo.com/SaputoAthletes/Default.aspx?id=193,1
sports.si.cnn.com/merge/tsnform.aspx?c=sportsnetwork&page=cfl/news/news.aspx?id=4193317,1
sports.si.cnn.com/merge/tsnform.aspx?c=sportsnetwork&page=mlb/allstar/2008/file.aspx?f=ALLSTAR-FACTS,1
sports.silobreaker.com/corrado-micalef-11_85283395,1
sports.silobreaker.com/nchanga-rangers-fc-11_86750197,1
sports.silobreaker.com/womens-world-cup-2011-japan-vs-new-zealand-england-vs-mexico-group-b-5_2264667159122673664,1
sports.spitter.com/t/league2/san-francisco-knbr,1
sports.sportsillustrated.cnn.com/cfl/boxscore.asp?gamecode=20111030005,1
sports.sportsillustrated.cnn.com/cfl/playerstats.asp?id=547961,1
sports.sportsillustrated.cnn.com/cfl/teamstats.asp?teamno=5608&type=rosters,1
sports.sportsillustrated.cnn.com/cfl/teamstats.asp?teamno=5612&type=rosters,1
sports.sportsillustrated.cnn.com/racing/drivers.asp?series=IRL&driver=1021,1
sports.sportsillustrated.cnn.com/soccerfront.asp?lg=gold&eref=sinav,1
sports.sportsillustrated.cnn.com/tennis/players.asp?tour=ATP&id=168202,1
sports.sunspot.net/merge/tsnform.aspx?c=sportsnetwork&page=other/transactions/2003/september15.htm,1
sports.sympatico.ca/cfl/calvillo_named_cfl_offensive_player_of_week/3b0eefd7,1
sports.sympatico.ca/home/canada_edges_tonga_in_seesawing_world_cup_match/7dfad7d9,1
sports.sympatico.ca/home/federer_wins_paris_masters_for_69th_career_title/150b1e56,1
sports.sympatico.ca/home/huskies_beat_redmen_in_mens_soccer/3552ee33,1
sports.sympatico.ca/home/mcgill_finishes_fifth_at_cis_mens_soccer_/880db048,1
sports.sympatico.ca/home/stamps_qb_tate_earns_win_in_first_cfl_start/e43be8ce,1
sports.sympatico.ca/news/contentposting/federer_beats_tsonga_to_win_paris_masters/150b1e56,1
sports.sympatico.cbc.ca/news/farrell_quashing_rumours_as_anniversary_nears/c2a3a8b9,1
sports.upperdeck.com/Hockey/cardset.aspx?q=5&r=1&sid=50539,1
sports.webshots.com/album/239660580jgOmmE,1
sports.williamhill.com/bet/en-gb,1
sports.xin.msn.com/article.aspx?cp-documentid=5524380,1
sports.xin.msn.com/photogallery.aspx?cp-documentid=5118495,1
sports.yahoo.com/arena/news?slug=ycn-10128251,1
sports.yahoo.com/arena/news?slug=ycn-10128299,1
sports.yahoo.com/arena/news?slug=ycn-10171541,1
sports.yahoo.com/arena/news?slug=ycn-10171555,1
sports.yahoo.com/arena/news?slug=ycn-10245683,1
sports.yahoo.com/arena/news?slug=ycn-8799469,1
sports.yahoo.com/arena/news?slug=ycn-9168213,1
sports.yahoo.com/box/news?slug=ap-ajose-chebah,1
sports.yahoo.com/box/news?slug=ap-mannyonjimmy,1
sports.yahoo.com/box/news?slug=ycn-8233313,1
sports.yahoo.com/cfl/blog/cfl_experts/post/Brouillette-8217-s-touchdown-shows-benefits-of-?urn=cfl-wp1805,1
sports.yahoo.com/cfl/news?slug=capress-fbo_canadian_hall_of_fame-11480553,1
sports.yahoo.com/cfl/news?slug=capress-fbo_cfl_awards-14339961,1
sports.yahoo.com/cfl/news?slug=capress-fbo_cfl_point_after-11727164,1
sports.yahoo.com/cfl/news?slug=cw-esks_kepley081810,1
sports.yahoo.com/cfl/news?slug=montgaz-ca-5590610,1
sports.yahoo.com/elite-athlete-workouts/maurice-jones-drew,1
sports.yahoo.com/fantasy/blog/roto_arcade/post/Closing-Time-Where-have-you-gone-Tom-Henke-?urn=fantasy-wp3971,1
sports.yahoo.com/golf/blog/devil_ball_golf/post/Rory-McIlroy-hits-root-injures-wrist-at-PGA?urn=golf-wp4686,1
sports.yahoo.com/golf/blog/devil_ball_golf/post/Tiger-Woods-eyes-U-S-Open-as-his-next-event?urn=golf-wp1932,1
sports.yahoo.com/golf/pga/leaderboard,1
sports.yahoo.com/golf/pga/players/Jimmy+Walker/4170,1
sports.yahoo.com/golf/pga/players/Jimmy+Walker/4170/scorecard/2011/6,1
sports.yahoo.com/golf/pga/players/Tom+Pernice+Jr/265,1
sports.yahoo.com/golf/pga/players/Tom+Pernice+Jr/265/scorecard/2011/45,1
sports.yahoo.com/golf/pga/schedule?season=2011,1
sports.yahoo.com/juniorhockey/blog/buzzing_the_net/post/Draft-tracker-5-questions-with-Scott-Oke-Saint?urn=juniorhockey-348100,1
sports.yahoo.com/juniorhockey/blog/buzzing_the_net?keyword=Christian+Ouellet,1
sports.yahoo.com/juniorhockey/news?slug=montgaz-ca-5635058,1
sports.yahoo.com/mlb/blog/big_league_stew/post/Answer-Man-Padres-Heath-Bell-talks-toys-consp?urn=mlb-230274,1
sports.yahoo.com/mlb/blog/big_league_stew/post/D12-Smoky-Joe-Wood-and-the-99-year-old-death-th?urn=mlb-315183,1
sports.yahoo.com/mlb/blog/big_league_stew/post/Detention-Lecture-Your-2011-Kansas-City-Royals?urn=mlb-wp19087,1
sports.yahoo.com/mlb/blog/big_league_stew/post/Detention-Lecture-Your-2011-Oakland-Athletics?urn=mlb-wp21089,1
sports.yahoo.com/mlb/blog/big_league_stew/post/Ha-ha-Fox-s-Colby-Lewis-graphic-moves-K-C-Roya?urn=mlb-wp25008,1
sports.yahoo.com/mlb/blog/big_league_stew/post/NLDS-Game-3-Philly-8217-s-Francisco-crushes-bi?urn=mlb-wp22573,1
sports.yahoo.com/mlb/news?slug=reu-playoffsamerican_factbox,1
sports.yahoo.com/mlb/news?slug=sportsxchange-000446355_three-plead-guilty-of-manslaughter-in-death-of-phillies-fan,1
sports.yahoo.com/mlb/news?slug=sportsxchange-000459810_texas-wilson-likes-playing-for-rangers,1
sports.yahoo.com/mlb/news?slug=txbeckobit&prov=st&type=lgns,1
sports.yahoo.com/mlb/news?slug=ycn-10267353,1
sports.yahoo.com/mlb/news?slug=ycn-10272885,1
sports.yahoo.com/mlb/news?slug=ycn-10438653,1
sports.yahoo.com/mlb/news?slug=ycn-9166941,1
sports.yahoo.com/mlb/news?slug=ycn-9168235,1
sports.yahoo.com/mlb/news?slug=ycn-9169979,1
sports.yahoo.com/mlb/news?slug=ycn-9452237,1
sports.yahoo.com/mlb/news?slug=ys-allstarrosters070608&prov=yhoo&type=lgns,1
sports.yahoo.com/mlb/players/4800,1
sports.yahoo.com/mlb/players/5127,1
sports.yahoo.com/mlb/players/5229/news,1
sports.yahoo.com/mlb/players/5610,1
sports.yahoo.com/mlb/players/6171,1
sports.yahoo.com/mlb/players/6248,1
sports.yahoo.com/mlb/players/6266,1
sports.yahoo.com/mlb/players/6342,1
sports.yahoo.com/mlb/players/6419,1
sports.yahoo.com/mlb/players/6735,1
sports.yahoo.com/mlb/players/6763,1
sports.yahoo.com/mlb/players/6765,1
sports.yahoo.com/mlb/players/6983,1
sports.yahoo.com/mlb/players/7042,1
sports.yahoo.com/mlb/players/7133,1
sports.yahoo.com/mlb/players/7180,1
sports.yahoo.com/mlb/players/7297,1
sports.yahoo.com/mlb/players/7306,1
sports.yahoo.com/mlb/players/7383,1
sports.yahoo.com/mlb/players/7455,1
sports.yahoo.com/mlb/players/7484,1
sports.yahoo.com/mlb/players/7571,1
sports.yahoo.com/mlb/players/7602,1
sports.yahoo.com/mlb/players/7610,1
sports.yahoo.com/mlb/players/7661,1
sports.yahoo.com/mlb/players/7899,1
sports.yahoo.com/mlb/players/8033,1
sports.yahoo.com/mlb/players/8134,1
sports.yahoo.com/mlb/players/8141,1
sports.yahoo.com/mlb/players/8333,1
sports.yahoo.com/mlb/players/8407,1
sports.yahoo.com/mlb/players/8440,1
sports.yahoo.com/mlb/players/8495,1
sports.yahoo.com/mlb/players/8496,1
sports.yahoo.com/mlb/players/8633,1
sports.yahoo.com/mlb/players/8827,1
sports.yahoo.com/mlb/players/8913,1
sports.yahoo.com/mlb/stats/careerleaders?type=Batting&cat=SB,1
sports.yahoo.com/mlb/teams/chc/roster,1
sports.yahoo.com/mlb/teams/cin,1
sports.yahoo.com/mlb/teams/det/roster,1
sports.yahoo.com/mlb/teams/kan,1
sports.yahoo.com/mlb/teams/kan/stats,1
sports.yahoo.com/mlb/teams/oak,1
sports.yahoo.com/mlb/teams/oak/stats,1
sports.yahoo.com/mls/news?slug=ap-mls-sportingkc-moves,1
sports.yahoo.com/mls/news?slug=mls2005&prov=st&type=lgns,1
sports.yahoo.com/mls/news?slug=txconcacafislandersgal,1
sports.yahoo.com/mls/news?slug=ycn-10160631,1
sports.yahoo.com/mls/news?slug=ycn-10310843,1
sports.yahoo.com/mls/news?slug=ycn-10480987,1
sports.yahoo.com/mls/news?slug=ycn-8883541,1
sports.yahoo.com/mls/players/1352,1
sports.yahoo.com/mls/players/2121,1
sports.yahoo.com/mls/preview?gid=2011103002,1
sports.yahoo.com/mls/teams/kan,1
sports.yahoo.com/mma/blog/cagewriter/post/Miguel-Torres-video-Can-a-smarter-fighter-be-a-?urn=mma-wp9917,1
sports.yahoo.com/mma/news?slug=dm-meltzer_bellator_rebney_challenges_072011,1
sports.yahoo.com/mma/news?slug=ki-ufcearly050810,1
sports.yahoo.com/mma/news?slug=mmajunkie-Bellator_51_Vila_Dantas_Galvao,1
sports.yahoo.com/mma/news?slug=mmaweekly-a25f35f15c6e5824db8fe5aa67e50df8,1
sports.yahoo.com/mma/news?slug=ycn-9199723,1
sports.yahoo.com/mma/news?slug=ys-ufccountdown050809&prov=yhoo&type=lgns,1
sports.yahoo.com/nascar/blog/from_the_marbles/post/Gordon-Future-plans-a-distraction-for-Edwards?urn=nascar-wp2752,1
sports.yahoo.com/nascar/nationwide/drivers/1021,1
sports.yahoo.com/nascar/news?slug=nascar_com-drodman-notebook-jgordon-cedwards-kansas-chase-20111006,1
sports.yahoo.com/nba/blog/ball_dont_lie/post/David-Stern-engages-in-media-blitz-pretends-we-?urn=nba-wp9398,1
sports.yahoo.com/nba/blog/ball_dont_lie/post/Every-NBA-team-getting-new-uniforms-for-2010-11-?urn=nba-271675,1
sports.yahoo.com/nba/news?slug=ac-7186746,1
sports.yahoo.com/nba/news?slug=ycn-10427123,1
sports.yahoo.com/nba/news?slug=ycn-7439424,1
sports.yahoo.com/nba/news?slug=ycn-8332241,1
sports.yahoo.com/nba/news?slug=ys-nbabillies010410&prov=yhoo&type=lgns,1
sports.yahoo.com/nba/players/3253,1
sports.yahoo.com/nba/players/3276,1
sports.yahoo.com/nba/players/3327,1
sports.yahoo.com/nba/players/3531,1
sports.yahoo.com/nba/players/3602,1
sports.yahoo.com/nba/players/3618,1
sports.yahoo.com/nba/players/3835,1
sports.yahoo.com/nba/players/4177,1
sports.yahoo.com/nba/players/4339,1
sports.yahoo.com/nba/players/4475,1
sports.yahoo.com/nba/players/4534,1
sports.yahoo.com/nba/players/4617,1
sports.yahoo.com/nba/players/4638,1
sports.yahoo.com/nba/players/4645,1
sports.yahoo.com/nba/playoffs,1
sports.yahoo.com/nba/preview?gid=2008112101&prov=ap,1
sports.yahoo.com/nba/standings?year=season_2008,1
sports.yahoo.com/nba/teams/gsw,1
sports.yahoo.com/nba/teams/gsw/stats,1
sports.yahoo.com/nfl/news?slug=ap-broncos-lloyd,1
sports.yahoo.com/nfl/news?slug=ap-nflpreviewcapsule-redskinsatcowboys,1
sports.yahoo.com/nfl/news?slug=capress-fbn_nfl_preview_capsule_redskins_at_cowboys-9155892,1
sports.yahoo.com/nfl/news?slug=capress-fbn_tebows_turn-11335577,1
sports.yahoo.com/nfl/news?slug=cr-winnersandlosers121309&prov=yhoo&type=lgns,1
sports.yahoo.com/nfl/news?slug=nfp-20111021_browns_likely_to_hire_offensive_coordinator_in_2012,1
sports.yahoo.com/nfl/news?slug=nfp-20111110_passing_the_buck,1
