http://05.sharedsource.org,0
http://0ac283764714nh82928198.win,0
http://0as24416391664740235.win,0
http://0as24955224914666378.win,0
http://10-10.com,0
http://10d4xiudxg1rffcdmv81wecu0e.net,0
http://12-land.co.jp,0
http://13207303642.aircq.com,0
http://1406905097.fzkjxy.com,0
http://1409790774.notentop.com,0
http://1409834260.notentop.com,0
http://1551929967477.usercash.com,0
http://183dv.com,0
http://1energy.sk,0
http://1roof.ltd.uk,0
http://2013hacks.com,0
http://21765.xc.iziyo.com,0
http://23600.mydown.snwxn.com,0
http://24check4updates.yourhubwebsite4contentfree.icu,0
http://24pccheck.yourreadyforsafestub.icu,0
http://24upgradecheck.thesetforsafestub.xyz,0
http://27119.xc.wenpie.com,0
http://27607.xc.wenpie.com,0
http://2k7iul-1t092v.stream,0
http://2wapworld.tk,0
http://343.48701268.mydealhero.com,0
http://3asfh.net,0
http://3overpar.com,0
http://41230011.net,0
http://4931849281303.usercash.com,0
http://4pqp8bj9q0.top,0
http://538b849f5eb535dece0249cab7cf1b52.org,0
http://5bh2il.top,0
http://617pg.com,0
http://6e6f-a4f7-216a-1348.reporo.net,0
http://72typo.top,0
http://7bwh.com,0
http://8.spypanel.beget.tech,0
http://88118525.xpg.com.br,0
http://8vs.com,0
http://9716714417096.usercash.com,0
http://9jarloaded.tk,0
http://a-we.com,0
http://a0z2wsu1xo.neliver.com,0
http://a4zykzdcmb.neliver.com,0
http://aa21.info,0
http://aanima.com.br,0
http://abandonedplanet.ca,0
http://abevybqn.info,0
http://aboutestateplanning.com,0
http://abzq4hg21n.neliver.com,0
http://accesseducationllc.com,0
http://acelleration.com,0
http://acman.us,0
http://actinomyces.us,0
http://acupoint.us,0
http://adbm.co.uk,0
http://adestudio.w8w.pl,0
http://admin.iotbaseball.com,0
http://adoption.tcs.org.sg,0
http://adskating.in,0
http://adulttheater5.a0001.net,0
http://adx.starnewsonline.com,0
http://aerocity.co.in,0
http://afan.xin,0
http://afon.constructdigital.net,0
http://agakasperska.pl,0
http://agiamfoundation.org,0
http://ah.download.cycore.cn,0
http://ahsmgbooss.neliver.com,0
http://aimeleondore.bid,0
http://airsoftland.fr,0
http://ajoooorkim-sex5.blogspot.co.uk,0
http://akingu.bit.md-98.webhostbox.net,0
http://al-falah.ir,0
http://alarm-0j1in9.stream,0
http://alarm-2o1pqr6.stream,0
http://alarm-76kz6.stream,0
http://alarm-lj49.stream,0
http://alarm-ri49.stream,0
http://alboradaconil.live,0
http://alert-09qh9.stream,0
http://alert-1ydfg1.stream,0
http://alert-2stfz8.stream,0
http://alert-53wb3.stream,0
http://alert-98bx8.stream,0
http://alert-adp11.stream,0
http://alert-sl11.stream,0
http://alerte-a1380.win,0
http://alerte-e5223.win,0
http://alerte-j3932.win,0
http://alerte-r1107.win,0
http://alerte-w6542.win,0
http://alex-karpov.com,0
http://alfth.net,0
http://alimentary.us,0
http://allanbryan.com,0
http://allisionov.icu,0
http://almabtl.com,0
http://alpha.to,0
http://altapisos.com.co,0
http://alwaysnew.bestadyoucanhavetodatenoweasytouse.date,0
http://alyeser.com,0
http://amazinglyhot.com,0
http://amen547.gq,0
http://aminev.com,0
http://amphibian.foundation,0
http://analmatureorgies.net,0
http://andiamoluggage.com,0
http://andthatthere.tk,0
http://anglekeys.dynu.com,0
http://anjou-sieges.com,0
http://anonymous.ipv6.red,0
http://anthonykdesign.com,0
http://anton-1.info,0
http://aobnqmcnpj.cn,0
http://apcea.com.pk,0
http://api.hlsoftwareassistant.com,0
http://apj1pv6zan.neliver.com,0
http://app-vif5nec23s4z0ldnra.accountant,0
http://appafoodiz.com,0
http://apple.com-repair-macbook.live,0
http://approver.stream,0
http://aptitude.broadsystemstoupdates.icu,0
http://aquademica.se,0
http://arai-waste.com,0
http://archibaldgames.com,0
http://aresgratis.es,0
http://arkapub.com,0
http://arpuewsszj.neliver.com,0
http://artebits.com,0
http://artpowerlist.com,0
http://asathlon.it,0
http://ashtaar.ml,0
http://asianxhubmps.ddns.name,0
http://ask24update.broadsystems4updating.icu,0
http://asloafat158.site,0
http://assistedlivingresident.net,0
http://astucesmachinesasous.fr,0
http://atelier-fuer-grafik.de,0
http://atleticafit.ru,0
http://attenzionepostale.com,0
http://auefiei6xh.neliver.com,0
http://auspices.stream,0
http://autobritt.apptitude.ch,0
http://autorepairinriorancho.com,0
http://avalanchediver.com,0
http://avionworld.com,0
http://avtoprava-molodejka.ru,0
http://awrcaverybrstuktdybstr.com,0
http://ay6amk3tzi.neliver.com,0
http://az-partners.net,0
http://aztechnologies.co.uk,0
http://b2.searchssissi.xyz,0
http://b792509244d4.com,0
http://babilon.by,0
http://backyardjinternetwu.win,0
http://bahrianbasedinvestmentcompany.com,0
http://balispadallas.com,0
http://bancofotografias.blogspot.com,0
http://banner.titancasino.com,0
http://barbellanewgeneration.com,0
http://baseballplayerscards.com,0
http://batsonmedia.com,0
http://bb-aplicativo-tk.umbler.net,0
http://bbserver.real.com,0
http://bd7758521.gz01.bdysite.com,0
http://bdykljinjt.pw,0
http://beauty-jasmine.ru,0
http://beedeeda.life,0
http://belarus-study.com,0
http://bemadden.stream,0
http://benthons.stream,0
http://bertedu.com,0
http://bestcoolingtowels.reviews,0
http://bestsexmpegs.com,0
http://beterconsortium.nl,0
http://beuc-eu.com,0
http://bfs-dc.com,0
http://bhbhjjbhjabsa.cf,0
http://bibcock.stream,0
http://bigbase.ru,0
http://bigtech24.de,0
http://bill.thrivemd.com,0
http://binhthuanlove.tk,0
http://bipzilla.cl,0
http://bitcoin.auto,0
http://bizarre-sex-pics.net,0
http://bjtipqwu26.neliver.com,0
http://blackescortadventures.com,0
http://blastech.cc,0
http://blircration.tk,0
http://blog.intellectualgiants.com,0
http://blogs.arconstech.com,0
http://bluehawksedu.com,0
http://bmkoch.com,0
http://bnxrqadxbom.us,0
http://body90.com,0
http://bombermusic.com,0
http://books-world.de,0
http://borich.ru,0
http://botmasterlabs.net,0
http://boyade.ml,0
http://bqntmcbsoi.neliver.com,0
http://brandschutznet.de,0
http://breathed.stream,0
http://bridgefischer.com,0
http://brjwfl.loan,0
http://bromhidroses.us,0
http://brpwqd.loan,0
http://bryanwester.com,0
http://bt0149.space,0
http://bt3042.space,0
http://bucketlistrecipes.com,0
http://buildingdemand.net,0
http://bun.warspade.bid,0
http://bursacicekmagazasi.com,0
http://butterflydreamshop.com,0
http://bvasetro.com,0
http://bx0237.stream,0
http://by-cosmetics.dent-spa.ru,0
http://bysound.com.tr,0
http://c-mex.de,0
http://c3ye9m3upv.neliver.com,0
http://caballerobustamante.com.pe,0
http://cafecalluna.nl,0
http://california-lowvision.com,0
http://cam-tech.ir,0
http://campus-web.com,0
http://canhogiaresaigon.net,0
http://captainblowdri.com,0
http://carforcashhamilton.com,0
http://carpenteriemcm.com,0
http://casaguanguali.cl,0
http://casino-topsite.com,0
http://cataract.ru,0
http://cb39666.tmweb.ru,0
http://ccc.5208.cc,0
http://cdc1daa035a14ce9ea62003e9c33d52c.org,0
http://cdn.mngwefal.com,0
http://cdrbbebvmrmvgig.com,0
http://celebflix.us,0
http://centerforiranianmusic.org,0
http://ceramicwaterdispenser.net,0
http://cf-seeat.gq,0
http://cfr.internetdocss.com,0
http://chacha.hpcl.titech.ac.jp,0
http://changercompte.tk,0
http://chascloud.com,0
http://cheater-world.ru,0
http://checker00.gotdns.ch,0
http://checkupgrade24.broadsystemstoupdate.icu,0
http://chemlntegrated.com,0
http://childhoodeducation.info,0
http://chinhdropfile80.myvnc.com,0
http://choppbratz.com.br,0
http://chromecanyon.com,0
http://ci1k9urljc.neliver.com,0
http://cimislia.net,0
http://citiad.ru,0
http://cjlrazh4ka.neliver.com,0
http://clandv.com,0
http://cleanerpro.net,0
http://clickadequalizer.com,0
http://cliniqueopus.com,0
http://closions.info,0
http://clubdeautores.es,0
http://cmrshptj.win,0
http://cnllnclqlg.neliver.com,0
http://cobotec.ro,0
http://code-1ffuy7.stream,0
http://code-3bbbn4.stream,0
http://code-4t0bf2m1d8njeebnh.accountant,0
http://code-99px9.stream,0
http://code-adr37.stream,0
http://codecpack.fdatiroremyxo.com,0
http://coffeesaves.com,0
http://coldzinc.com,0
http://colourdent.net,0
http://comercialtrujillo.es,0
http://comos.nl,0
http://computer-06ci6.stream,0
http://computer-28df8.stream,0
http://computer-36nj6.stream,0
http://computer-42dt2.stream,0
http://computer-89bo9.stream,0
http://computer-adm24.stream,0
http://computer-qk64.stream,0
http://conbenlkkceeabcf.online,0
http://confounded.stream,0
http://consideration.com,0
http://contenidospc.com,0
http://cookeelam.com,0
http://copperah.review,0
http://corporaciongaia.org,0
http://costpercustomer.com,0
http://coxairshow.cimedia.net,0
http://cpy-crack.com,0
http://crackinyourlife.pw,0
http://crazydreaddisc.com,0
http://credencialesco.thatwasobvious.me,0
http://criminals.host,0
http://critical-35dm5.stream,0
http://critical-81bg1.stream,0
http://crjui7ke2n.neliver.com,0
http://crossfitliftproject.com,0
http://crux.net.in,0
http://crywyp.loan,0
http://csrtouch-consulting.com,0
http://ctvirtualgolf.com,0
http://cunisoft.com,0
http://customgownsmaryland.com,0
http://cvwec.com,0
http://cyberabbi.com,0
http://cyprus-realty.info,0
http://d.exfriendalert.com,0
http://d1990.agava.net,0
http://d3s1.me,0
http://da0174.site,0
http://dafengpm.com,0
http://daleftdownligh.ru,0
http://danger-r9kwjmjizpg7kmluax.date,0
http://dar-sana.com,0
http://darwinaward.com,0
http://datemyavatarx.com,0
http://davidzink.com,0
http://db0138.site,0
http://dc321.cn,0
http://dde.de.drive-files-b.com,0
http://de2812.space,0
http://deathstick.com,0
http://decorinfo.ru,0
http://def0239.stream,0
http://deh0115.stream,0
http://dej0478.online,0
http://delhihairloss.com,0
http://demo.3cserve.com.tw,0
http://denaros.pl,0
http://depressantetpfegppu.xyz,0
http://desibabas.com,0
http://desnmsp.com,0
http://dev-crm-sodebo.dhm-it.fr,0
http://devil.tokyo,0
http://dezipper.com,0
http://dge2ss9b4veoy.cloudfront.net,0
http://dhsetfbvbn.neliver.com,0
http://dibutecno-17.es,0
http://different-festivals.tk,0
http://digolftournament.com,0
http://dingtotningsof.ru,0
http://direitopublico.com.br,0
http://disk-05qd5.stream,0
http://disk-1otlk6.stream,0
http://disk-3alge3.stream,0
http://disk-3s6zx3.stream,0
http://disk-68cr8.stream,0
http://disk-aby96.stream,0
http://disk-lk36.stream,0
http://disk-qk76.stream,0
http://distribmenuiseries.fr,0
http://dizzily.us,0
http://djx08lk9pf.neliver.com,0
http://dl.jpsystools.live,0
http://dlg-configs.buzzrin.de,0
http://dmdwzldwsh.neliver.com,0
http://dnlppl5zie.neliver.com,0
http://docmate.com,0
http://dogeboost.com,0
http://doloresabernathy.icu,0
http://donald7m.hopto.org,0
http://doorleads.com,0
http://dotsolidsystems.net,0
http://down.apps.sina.cn,0
http://down.xfplay.com,0
http://down2crazy.com,0
http://download.anytimeastrology.com,0
http://download.freearticleskimmer.com,0
http://download.onlineappupdater.com,0
http://download.wildtangent.com,0
http://downloadforfrees.me,0
http://downloodvideo.org,0
http://dpn-school.ru,0
http://dragonhacks.com,0
http://dreamgrow.net,0
http://drhwts.loan,0
http://drlwgd.loan,0
http://drplc0oan8.neliver.com,0
http://drums-outlet.com,0
http://dsgkhgorpt.neliver.com,0
http://dtopalertcenter.info,0
http://dugganinternational.ca,0
http://durolosangeles.com,0
http://dvrycycrjb.neliver.com,0
http://dx114.downyouxi.com,0
http://dyinet.com,0
http://dzyeptbqjo.neliver.com,0
http://e2bx8mriu5.neliver.com,0
http://e9prqftx5p.neliver.com,0
http://earthsurfmobile.tk,0
http://easynetseek.com,0
http://ebenizer.ml,0
http://ecfbhmib85.neliver.com,0
http://ecoquantintel.com,0
http://edgrdeouvpal.com,0
http://edunayok.org,0
http://efbthmoiuykmkjkjgt.com,0
http://egmfirm.com,0
http://ehbcdxyuti.neliver.com,0
http://ej3qno3grg.neliver.com,0
http://ekpebelelele.com,0
http://electricroulettecom.skimlinks.com,0
http://elibrary.co.ke,0
http://ellisjone.ddns.net,0
http://elxtipt3we.neliver.com,0
http://emeconcontrols.com,0
http://empcl.org,0
http://enataihomes.com,0
http://enet.cm,0
http://ennexcaze.strefa.pl,0
http://envelopeteallc.com,0
http://epgqw7c8ef.neliver.com,0
http://equilibriummedical.com.br,0
http://ericweb.co.za,0
http://errikopasikery.tk,0
http://error-0steo6.stream,0
http://error-2d4tr3.stream,0
http://error-30zd0.stream,0
http://error-4hxmz0.stream,0
http://error-60wi0.stream,0
http://error-abr26.stream,0
http://error-adq66.stream,0
http://error-rn26.stream,0
http://erythritesbywfzcn.xyz,0
http://eshopok.com,0
http://essads.com,0
http://et-sec.elec-secursms-acc.com,0
http://ethiccert.com,0
http://eu.uspostly.info,0
http://europ-continents.com.ph,0
http://eva.legal,0
http://everydaylookup.com,0
http://ewentualnie.nazwa.pl,0
http://excez57ptt.neliver.com,0
http://expectsuccess.net,0
http://extazeasy.xyz,0
http://eyhbxckzrp.neliver.com,0
http://f-p-z.com,0
http://f4pfizqkt8.centde.com,0
http://fabiannewman.com,0
http://facenow.tk,0
http://fail-16mp6.stream,0
http://fail-85li5.stream,0
http://failure-0vnxs5.stream,0
http://failure-2rvd2.stream,0
http://failure-3plqf9.stream,0
http://failure-66wo6.stream,0
http://failure-add25.stream,0
http://failure-mn5.stream,0
http://faiz.my,0
http://fanarticho.com,0
http://faringlvjvdr.xyz,0
http://fastbestgoldtheclicks.icu,0
http://fatehmedia.site,0
http://fayanscimustafa.com,0
http://fclqtppusjj.cn,0
http://fedora-hosting.com,0
http://fellows.com.br,0
http://fernandomedeiros.com,0
http://fffjapan.org,0
http://fhotmail.com,0
http://fightpower.net,0
http://fileget.co.kr,0
http://fileservice.ga,0
http://film-international.com,0
http://findhere.org,0
http://finnigans.org.uk,0
http://firstfirst.net,0
http://fitonutrient.com,0
http://fixfreechecktypetheclicks.icu,0
http://fjadon.ddns.net,0
http://flashlightmarket.com,0
http://flightcasefilms.com,0
http://floridasinatra.win,0
http://fm.zhibo.ba,0
http://foetschl.at,0
http://foodmonster.com,0
http://foreclousures.com,0
http://forhealthatividadesfisicas.com,0
http://fortalecergroup.com.br,0
http://foto-eppler.de,0
http://fovkboz.cn,0
http://fr.kuai-go.com,0
http://fraserfrance.fr,0
http://free-stuff-here.netne.net,0
http://free.getlyricsonline.com,0
http://free.smarterpassword.com,0
http://free500airtime.tk,0
http://freedownloadseeker.com,0
http://freemovieplus.info,0
http://freerealplayer.com,0
http://frend4u.tk,0
http://fresnotxseo.com,0
http://friseur-sissi.at,0
http://frontiercast84.club,0
http://frxwkf.loan,0
http://fsk0134.club,0
http://ftp.xpg.com.br,0
http://fullbright-edu.com,0
http://funmobiles.tk,0
http://futra.com.au,0
http://fvndjykluzvlpqi.jumpormumble.gdn,0
http://fziegler.com,0
http://gabsl171.site,0
http://galactose.pw,0
http://game-load.ru,0
http://gamesharck.com,0
http://garagemapp.com,0
http://gastd9ja.tk,0
http://gayetnews.com,0
http://gbuso.ru,0
http://gecermuhendislik.com,0
http://gendered.us,0
http://geodiaspora.com.ua,0
http://gesbank.iasoft.es,0
http://get24update.havingbestcenter2sitestreamingnow.date,0
http://getdealakamaitheclicks.icu,0
http://getgreatadvancetheclicks.icu,0
http://getnewsoft.thesite4playworkingflash.icu,0
http://getsto.review,0
http://getupdate.yourgreatsite-findlink.icu,0
http://ggsearch.certified-toolbar.com,0
http://gianlucamanzana.com,0
http://gillsbedrooms.co.uk,0
http://gitrgc17.gribbio.com,0
http://glassservice-beograd.com,0
http://globalkissan.com,0
http://glswp31.sprintsoft.ro,0
http://gnaa.eu,0
http://gobart.home.pl,0
http://gohdinc.click,0
http://goldsalondubai.com,0
http://goodladies.net,0
http://gooline.pk,0
http://gossipexpert.com,0
http://gpandp-my.sharepoint.com,0
http://gradt.de,0
http://grangermortgage.com,0
http://greatbeautyadvice.com,0
http://greentec-wt.com,0
http://grilledcheesereviews.com,0
http://grouponynapolskiestokinarciarskie.one.pl,0
http://grupojpdecarvalho.com.br,0
http://gt74.ru,0
http://guardset.info,0
http://gulf-industrial.com,0
http://gurusbases.tk,0
http://gwegvfgpxlq.net,0
http://gyrostatic-offices.000webhostapp.com,0
http://habarimoto24.com,0
http://hackfacebookaccount.com,0
http://hair-select.jp,0
http://halomax.co.in,0
http://hangover.net,0
http://happysky.ucgalleries.com,0
http://harryspizzeria.com,0
http://havenproperty.com,0
http://hbr0.icu,0
http://hdzbihjajce.org,0
http://heartsongroup.com,0
http://hehose.com,0
http://hellorewards52.stream,0
http://help-cxbfdghfhdtre.ga,0
http://help-hjgjhgkjjhk.ml,0
http://help-kljnokhiuh.gq,0
http://help-nbmjhgkjhkjko.gq,0
http://help-rora.cf,0
http://help3.usa.cc,0
http://hemoblast.pw,0
http://hermanmillyx.download,0
http://hfgdgfhghfhd.net,0
http://hgebatiment.com,0
http://hiexgroup.co.uk,0
http://hijack-52sa2.stream,0
http://himachaldream.com,0
http://historykitchen.net,0
http://hkb46s1l0txqzg8oc0o170qmfb.net,0
http://hnescb.com,0
http://hoelhyispsdtdvrv.pw,0
http://holydayandstyle.eu,0
http://homesick.us,0
http://hopak-odesa.ved.bz,0
http://hostd.5gbfree.com,0
http://hotel.beatissimatech.com,0
http://hotmaiel.com,0
http://householdhaircuts.com,0
http://howtoupdate.getgreatandsecurecontentstable.icu,0
http://hqnpkq.cn,0
http://hss-mb.de,0
http://huas.net,0
http://humantoday.ru,0
http://hussein.working.smtp.ru,0
http://hydrocarbonreports.com,0
http://hzwtdjd.com,0
http://iaihbqwhebqwehabsd.com,0
http://ibrahimaburbaka1.ddns.net,0
http://icloud-updateaccsjp.serveirc.com,0
http://id8.com.ph,0
http://idocandids.com,0
http://iflyswairlines.com,0
http://iheyg.info,0
http://ikatantkj-5.blogspot.com,0
http://illegalworld.org,0
http://imagemarketingwest.com,0
http://img001.com,0
http://impaction.host,0
http://in.amateurxxxmag.com,0
http://indianadefense.com,0
http://industrias-lider.com.bo,0
http://info.sandssecure.net,0
http://ingaros.com,0
http://innervate.stream,0
http://insomniac-grinder.000webhostapp.com,0
http://install.rinkela.net,0
http://installworking.readysystems4sitesnow.icu,0
http://integrativenutritiontherapy.com,0
http://internationalairfreight.com,0
http://intra.whatuseek.com,0
http://inwealth.com.au,0
http://iosvrs1.xyz,0
http://ipoxoe.com,0
http://irdcap79turedre.rr.nu,0
http://irvurhtprophets.xyz,0
http://islamfr.net,0
http://issue-08ck8.stream,0
http://issue-2egaq7.stream,0
http://issue-45rt5.stream,0
http://issue-91bq1.stream,0
http://issue-adp50.stream,0
http://issue-s70.stream,0
http://italedily.eu,0
http://itopu.com,0
http://ivivaldi.ru,0
http://izeselet.hu,0
http://jaaoljvg.com,0
http://jaimeadomicilio.com,0
http://janzwolinski.freehost.pl,0
http://java.fackidremioso.com,0
http://jbl.hk,0
http://jclbu.com,0
http://jeeps.stream,0
http://jerryzhang.cn,0
http://jg.itxinshikong.com,0
http://jiber.stream,0
http://jinserviceinc.com,0
http://jjusapcriskalertd.club,0
http://jmesuisfaitbz.hopto.org,0
http://jobguru.info,0
http://johnnebifi.com,0
http://joomland.org,0
http://joxax.privatedocuments.site,0
http://jpeworks.com,0
http://jrsmarketing.com.br,0
http://jsxak.info,0
http://jugend.center,0
http://junyueya.com,0
http://justsobuonissimo.com,0
http://jxkdznm.com,0
http://k40dwoifj1350815.dy4-nobody.com,0
http://kalafgulf.com,0
http://kancelaria-ostrowska.pl,0
http://karditsa.org,0
http://katallassoministries.org,0
http://kayla9223.bounceme.net,0
http://kd0316.stream,0
http://keflex.net,0
http://kenhphim3s.blogspot.com,0
http://kerosine.pw,0
http://keyloggerdownload.ws,0
http://kh0151.stream,0
http://khit.cn,0
http://kidsnow.at,0
http://kinaesthetic-electr.000webhostapp.com,0
http://kinnaidee.com,0
http://kitcse.com,0
http://kj0454.online,0
http://klamathkinetic.org,0
http://klvanrental.com.my,0
http://knownmadrid.com,0
http://koko88.cf,0
http://konnectsg.com,0
http://kosomk.com,0
http://kragywap.tk,0
http://kroneregensberg.com,0
http://kticgroup.com,0
http://kupimayki.ru,0
http://kwanasia.com,0
http://kzprojekt.pl,0
http://labcoatcompany.com.au,0
http://ladypearl.fr,0
http://lamalb.net,0
atlanticcity.citysearch.com/profile/6847773/atlantic_city_nj/hotel_at_showboat.html,1
atlanticcity.uscasinofinder.com/,1
atlanticcitynj.com/,1
atlanticcounty.pillartopost.com/,1
atlanticent.net/,1
atlanticyardsreport.blogspot.com/2011/01/when-was-ellerbe-becket-on-board.html,1
atlanticyardsreport.blogspot.com/2011/09/urban-parent-expo-today-lead-sponsor-is.html,1
atlantides.org/svn/pleiades/BADataMunger/trunk/etc/wordhtml/BATL020_.htm,1
atlas-advertising.com/ben-wright.aspx,1
atlas.nrcan.gc.ca/auth/english/learningresources/biblio_atlases/index.html,1
atlas.nrcan.gc.ca/site/english/maps/reference/provincesterritories/british_columbia,1
atlas.nrcan.gc.ca/site/english/maps/referencesandlinks.html,1
atlas.theoffside.com/,1
atlaselectricinc.com/,1
atlasgeneticsoncology.org/Educ/MicrodeletionID30059EL.html,1
atlasgeneticsoncology.org/Kprones/VHLKpr10010.html,1
atlasobscura.com/,1
atlasobscura.com/place/masonic-temple-philadelphia-dt,1
atlasobscura.com/place/mount-olive-cemetery,1
atlasobscura.com/place/mountain-view-cemetery,1
atlasobscura.com/place/national-hobo-convention,1
atlasobscura.com/place/subtropolis,1
atlasobscura.com/place/yerkes-observatory,1
atlasshrugs2000.typepad.com/atlas_shrugs/2007/08/your-black-musl.html,1
atlasshrugs2000.typepad.com/atlas_shrugs/2009/06/barack-obama-boulevard-oneway-street-to-nowhere.html,1
atlasshrugs2000.typepad.com/atlas_shrugs/2010/09/-fbi-raids-homes-of-anti-war-activists-and-hatem-abudayyeh-executive-director-of-the-arab-american-a.html,1
atlblogs.com/rptut/archives/000425.html,1
atlinsider.atlanta.net/blogs/atlseasonal/archive/2011/11/15/atlanta-s-must-have-memories-holiday-2011.aspx,1
atmaslib.org/,1
atmospheres.gsfc.nasa.gov/climate/,1
atoasttowonderland.blogspot.com/,1
atomic.lindahall.org/,1
atomic.thepodcastnetwork.com/2009/01/06/the-atomic-show-121-lftr-with-kirk-sorensen-and-charles-barton/,1
atomicathlete.blogspot.com/,1
atonementmovie.com/,1
atozmp3-bolly.blogspot.com/2011/02/game-2011-hindi-mp3-songs-download.html,1
atpictures.com/eddiecibrian/,1
atpictures.com/gabriel-aubry/,1
atpworldtour.com/Tennis/Players/Top-Players/Kevin-Anderson.aspx,1
atrak.bandcamp.com/,1
ats.ctsnetjournals.org/cgi/content/full/67/5/1487,1
ats.ctsnetjournals.org/cgi/content/full/81/5/1561,1
attainmarketing.com/blog/2011/02/charlie-orourke-the-pros-and-cons-of-outsourcing/,1
attala.msghn.org/libertyhillcemlisting.html,1
attatl.com/,1
attdoral.com/,1
attdoral.ning.com/,1
attendafuneral.com/,1
attentionparents.com/,1
atticajailhouseballcaps.blogspot.com/2008_08_01_archive.html,1
atticajailhouseballcaps.blogspot.com/2011/07/california-golden-seals-custom-snapback.html,1
attitudeofplatitude.blogspot.com/,1
attmiramar.com/,1
attorney.motorists.org/missouri/jackson%20county/,1
attorneygeneral.gov/,1
attorneymichaelmanley.com/attorneys/,1
attorneypages.com/lawyer-auto_accidents-MO-Kansas_City.htm,1
attorneypages.com/lawyer-dui_dwi-MO-Kansas_City.htm,1
attorneys.uniontown.ypeek.com/,1
attorneyscambridge.com/,1
attractions.uptake.com/california/burbank/186150827.html,1
attractions.uptake.com/california/emeryville/890823797.html,1
attractions.uptake.com/california/los_angeles/811892712.html,1
attractions.uptake.com/california/universal_city/875893844.html,1
attractions.uptake.com/gambling_and_casinos/quebec/montreal/casino_de_montr_al_7949164.html,1
attractions.uptake.com/golfing/missouri/kansas_city/swope_memorial_golf_course_11888011.html,1
attractions.uptake.com/landmarks/pennsylvania/uniontown/874525217.html,1
atu.edu/,1
atulrajan9.blogspot.com/,1
atung.net/,1
atuttoritmo.bloog.it/garrett-backstrom-2.html,1
atv.disney.go.com/playhouse/allshows/,1
atwater-ca.findstoragefast.com/,1
atwater-lausd-ca.schoolloop.com/,1
atwater-lausd-ca.schoolloop.com/cms/page_view?d=x&piid=&vpid=1262503322724,1
atwater-village.blogspot.com/,1
atwater.ypeek.com/,1
atwatercrossingkitchen.com/,1
atwaterpaving.com/,1
atwonline.com/international-aviation-regulation/news/iata-urges-indonesia-solve-safety-issues-0923,1
atwonline.com/it-distribution/news/air-canada-says-gdss-limitations-forced-it-pull-tango-fares-systems-0309-0,1
au.alibaba.com/products/carbon-black-liquid.html,1
au.answers.yahoo.com/question/index?qid=20060825211359AAIp8Zb,1
au.answers.yahoo.com/question/index?qid=20070228124142AA0tvHu,1
au.answers.yahoo.com/question/index?qid=20070417014032AA1kprt,1
au.askmen.com/celebs/women/singer_60/80_macy_gray.html,1
au.autodesk.com/,1
au.autodesk.com/?nd=au2011_autodesk_certification_exams,1
au.autodesk.com/?nd=class&tagent=tl0109,1
au.autodesk.com/?nd=event2009,1
au.dir.yahoo.com/Recreation/Sport/Boxing/Boxers/,1
au.dir.yahoo.com/recreation/travel/by_region/countries/canada/complete_list/?sort=lf,1
au.eurosport.com/tennis/french-open-men/2011/david-ferrer-gael-monfils_mtc450633/live.shtml,1
au.linkedin.com/directory/people/au/boundy.html,1
au.linkedin.com/directory/people/au/koutsoukos.html,1
au.linkedin.com/directory/people/au/pryor-2.html,1
au.news.yahoo.com/a/-/business/11653332/skater-mervin-tran-mulls-turning-japanese/,1
au.news.yahoo.com/a/-/sport/11618382/forget-named-bercy-boss-set-to-leave-davis-cup-team/,1
au.news.yahoo.com/world/a/-/world/11125250/brits-canadian-among-17-afghan-casualties,1
au.playstation.com/,1
au.playstation.com/ps3/,1
au.ratemyteachers.com/lasalle-catholic-college-bankstown/4440-s,1
au.reachout.com/,1
au.reachout.com/find/articles/anxiety,1
au.rozee.pk/,1
au.shopping.com/immigration-records/products,1
au.sports.yahoo.com/football/w-league/news/article/-/4336456/rebecca-maddern/,1
au.sports.yahoo.com/football/w-league/news/article/-/4970990/tribute-to-mark-priestley/,1
au.sports.yahoo.com/news/article/-/11653332/skater-mervin-tran-mulls-turning-japanese/,1
au.tv.yahoo.com/,1
aubergechezrichard.blogspot.com/2010/09/gratinee-de-coquille-st-jacques.html,1
aubergemanoir.foodpages.ca/,1
auburn.247sports.com/Board/42/Otis-Mounds-820556/1,1
auburn.rivals.com/viewcoach.asp?Coach=365,1
auburn.rivals.com/viewcoach.asp?Coach=68,1
auburnjournal.com/detail/136304.html?content_source=&category_id=&search_filter=transit&event_mode=&event_ts_from=&event_ts_to=&list_type=&order_by=&order_sort=&content_class=1&sub_type=&town_id=,1
auburnsae.com/,1
auckland.scoop.co.nz/2011/11/13-top-researchers-elected-fellows-of-royal-society-of-nz/,1
auction.nhl.com/cgi-bin/ncommerce3/BidHistory?aunbr=169720738&wl=12717464&auext=5,1
auction.repomax.biz/details.cfm?ID=655786,1
audaud.com/2005/10/r-strauss-scenes-from-salome-and-elektra-%e2%80%93-inge-borkh-soprano-with-paul-schoeffler-baritone-and-francis-yeend-soprano-%e2%80%93-chicago-symphony-orchestra-with-the-chicago-lyric-theater/,1
audaud.com/2007/02/tierney-sutton-band-on-the-other-side-tierney-sutton-vocalschristian-jacob-piano-kevin-axt-basstrey-henry-bass-ray-brinker-drums-special-guest-artist-jack-sheldon-trumpet-vocal-te/,1
audcent.com/aillebout-gen.htm,1
audcent.com/forebear.htm,1
audcent.com/legardeur.htm,1
audcent.com/stouen.htm,1
audcent.com/stouen3.htm,1
auden.stanford.edu/cgi-bin/auden/individual.php?pid=I2648&ged=auden-bicknell.ged,1
auden.stanford.edu/cgi-bin/auden/individual.php?pid=I896&ged=auden-bicknell.ged,1
audet.org/,1
audi-mirando.blogspot.com/,1
audi.saepio.com/,1
audictive.ofadam.com/,1
audience.withoutabox.com/films/theproposalfilm,1
audiko.net/albums/Marilyn+Manson/The+Golden+Age+Of+Grotesque,1
audiko.net/genres/Salsa,1
audiko.net/ringtone/Basil+Poledouris/Anvil+Of+Crom,1
audiko.net/ringtone/Charles+Dutoit%3A+Montreal+Symphony+Orchestra/Holst%3A+The+Planets%2C+Op.+32%2C+H+125++Mars%2C+The+Bringer+Of+War,1
audiko.net/ringtone/Lewis+Black/,1
audiko.net/ringtone/Montreal+Canadiens/,1
audio.weei.com/a/44005234/vince-wilfork-patriots-defensive-lineman.htm,1
audio.weei.com/baseball/kansas-city-royals.htm,1
audio.weei.com/baseball/milwaukee-brewers/eric-gagne.htm,1
audiobookvault.ws/?p=14610,1
audiobookvault.ws/?p=6556,1
audiobulb.blogspot.com/,1
audiobulb.wordpress.com/,1
audiokinetic.wordpress.com/,1
audiokusini.blogspot.com/,1
audiopharmacy.com/events.php,1
audiopleasures.blogspot.com/2011/09/duchess-says-new-album-and-euro-tour.html,1
audiopleasures.blogspot.com/2011/10/tim-hecker-dropped-pianos-full-stream.html,1
audiopleasures.blogspot.com/2011/11/tim-hecker-free-live-recording.html,1
audioporncentral.com/2010/05/thunderheist-drive-in-drop-the-limes-b-live-mix.html,1
audioporncentral.com/2010/08/the-xx-shelter-tiga-remix.html,1
audioporncentral.com/?mov=download-film-the-kids-are-all-right,1
audioporncentral.com/?mov=download-somewhere,1
audioslaveky.tripod.com/,1
audiotisticfestival.com/bobbyburns.php,1
audiotools.com/dead.html,1
audiotools.com/dead_h.html,1
audioz.info/samples/20093-maha-mrityunjaya-narration-by-peter-keogh-serge.html,1
auditionagency.com/,1
auditions.posterous.com/cleveland-ohio-auditions-actors-and-extras-ca,1
auditionsfordisneychannel.net/,1
audranguerard.blogspot.com/,1
audraward.blogspot.com/,1
audreyparisscott.blogspot.com/,1
audreypenven.net/,1
audrye-sessions.freedownloadmp3.net/,1
audrye-sessions.thelyricarchive.com/,1
aueagles.com/sports/m-baskbl/2011-12/releases/20111111,1
auger.us/,1
auger.us/tag/fence/,1
auglaizerealestate.com/WLIO_20_Local_20_News.html,1
augury.tk/,1
augurybooks.com/2011/01/10/by-the-number-3-by-mark-bibbins/,1
augusta-georgia.com/,1
augusta-richmondcounty.georgia.gov/,1
augusta.center4massagetherapy.com/,1
augusta.com/,1
augusta.com/masters/stories/email.shtml,1
augusta.craigslist.org/,1
augusta.georgia.gov/,1
augusta.georgia.jobs.topusajobs.com/,1
augusta.troy.edu/,1
augustabankruptcy.com/,1
augustageorgiachiropractor.com/,1
augustageorgiajobs.net/,1
augustahotels.net/,1
augustrushmovie.warnerbros.com/,1
augustschellenberg.com/,1
aumag.org/wordpress/?p=1359,1
aunmckaylaw.com/,1
auntdobsonfarmhouse.8k.com/,1
auptitbonheur.com/jsp/accueil.jsp,1
auraamerica.com/ram.php?ala=printable-ohio-state-buckeyes-football-schedule,1
aurae-beidler.suite101.com/amtrak-national-train-day-may-10th-a49394,1
aural-atresia.livejournal.com/,1
auralpleasureslabel.webstarts.com/,1
auralstates.com/2010/04/album-review-pfisters-narcicity-fan-death.html,1
aurgasm.us/2008/11/coeur-de-pirate/,1
aurora-24444.tributes.com/show/George-Arthur-Holden-90759729,1
aus-sagen.blogspot.com/,1
ausa4soldiers.com/,1
ausablefastpitch.tripod.com/id8.html,1
ausacupuncture.com/,1
ausrusart.com/bio.php?lang=aus&id=8,1
austarion.com/,1
austcemindex.com/cemetery-inscriptions.php?id=135&page=2,1
austcemindex.com/cemetery-inscriptions.php?id=411&page=all,1
austenprose.com/2011/03/11/jane-eyre-2011-a-film-review-by-syrie-james/,1
austin.citysearch.com/profile/10211865/austin_tx/james_g_mcgee_dds_james_w_glenn_dds.html,1
austin.citysearch.com/profile/10230367/austin_tx/denham_overhead_door_co.html,1
austin.citysearch.com/profile/10236402/austin_tx/phoenicia_bakery_deli.html,1
austin.craigslist.org/tag/2700113077.html,1
austin.craigslist.org/wan/2703168305.html,1
austin.craigslist.org/wan/2705701505.html,1
austin.injuryboard.com/medical-malpractice/standard-of-care-for-avoidance-of-wrong-site-wrong-side-wrong-patient-wrong-procedure-problems-part-1.aspx?googleid=245488,1
austin.kaaltv.com/,1
austin.ynn.com/content/sports/280066/express-mount-late-comeback--down-new-orleans-10-9,1
austinist.com/2007/02/01/austinist_interviews_sxsw_the_besnard_lakes.php,1
austinist.com/2007/09/28/football_previe_4.php,1
austinist.com/2011/03/11/sxsw_film_interview_incendiary_dire.php,1
austinist.com/2011/10/27/aids_wolf_henry_and_hazel_slaughter.php,1
austinmanufacturing.jobs/,1
austinonrails.org/past/2009/9/20/gelato_interview_with_steve_odom/,1
austinreggaefest.com/,1
austinscreenwriters.org/,1
austinsurreal.blogspot.com/2011/09/pop-montreal-2011-or-yeah-b-l-c-k-i-e.html,1
austintown.vindy.com/news/2010/apr/20/police-calls/,1
austintownhall.com/2009/03/16/sxsw-watchlist-nobunny-hunx-and-his-punx/,1
austintownhall.com/2009/08/11/our-lady-peace-antones-811/,1
austintownhall.com/2011/11/14/show-preview-mark-sultan-the-mohawk-1115/,1
austlawpublish.com/forum/viewtopic.php?f=2&t=32,1
australasiaforum.net/australasia/index.php?topic=7114.0;wap2,1
australia-info.org/directory/category/businesses/index.php,1
australia.gov.au/about-australia/australian-story/early-austn-aviation,1
australia.sydney.mission.net/,1
australiaconsult.com/,1
australiadebtcollection.com.au/,1
australiaindependent.com/,1
australian-charts.com/forum.asp?todo=viewthread&id=34306&pages=,1
australianartilleryassociation.com/12fdregt/history_afdbty.htm,1
australianchapter.alliance-healthycities.com/,1
australianeasternstandardtime.com/,1
australianhealthycities.org/,1
australiannation.com/,1
australiansforpalestine.com/7441,1
australiantribune.com/,1
australiatoitaly.blogspot.com/,1
austria.house.gov/index.cfm?sectionid=44&itemid=380,1
autagonistophiliac.multiply.com/,1
author-lisaallen.com/,1
author.brothersoft.com/,1
authorbystate.blogspot.com/,1
authorcarlarossi.blogspot.com/,1
authorcentral.amazon.com/,1
authorculture.blogspot.com/,1
authorguy.com/,1
authors.simonandschuster.com/Rick-Geary/18401461,1
authors.simonandschuster.com/Santa-Montefiore/31499535,1
authors.simonandschuster.com/Stephen-Hunter/1485163,1
authors.simonandschuster.com/Stephen-Hunter/1485163/books,1
authorsbooking.com/2043/authors/Norah_McClintock.html,1
authorservices.wiley.com/,1
authorwriterrobertgordon.blogspot.com/,1
authorzone.com/view_books.php?bookid=206,1
autismnorthernireland.blogspot.com/,1
auto-racing.speedtv.com/article/alms-scott-tuckers-bucket-list/,1
auto-racing.speedtv.com/article/video-5-questions-with-scott-tucker/,1
auto.247shopmore.com/Maisto-1-27-Dirt-Riders-Jeep-Wrangler-Rubicon-White-Topless-Dirty/,1
auto.howstuffworks.com/1960-oldsmobile1.htm,1
auto.howstuffworks.com/1964-1967-chevrolet-el-camino.htm,1
auto.howstuffworks.com/auto-racing/nascar/season-recaps/1940s/1948-nascar.htm,1
auto.howstuffworks.com/chevrolet17.htm,1
auto.howstuffworks.com/oldsmobile-cars14.htm,1
auto.licensedathletics.com/news.php,1
autobus.cyclingnews.com/cross.php?id=cross/2008/jan08/worldmasters08,1
autobus.cyclingnews.com/mtb.php?id=mtb/2006/jun06/mtbDH4X4XC5worldcup06/mtbDH4X4XC5worldcup065,1
autobus.cyclingnews.com/mtb.php?id=mtb/2009/may09/canadacup09_1/canadacup09_11,1
autobus.cyclingnews.com/road.php?id=road/2004/sep04/coppaplacci04,1
autobus.cyclingnews.com/road/2002/vuelta02/?id=results/20,1
autocww.colorado.edu/~toldy2/E64ContentFiles/HistoryOfTheAmericas/LaborUnionCanada060130.html,1
autodesk.awn.com/,1
autodesk.blogs.com/about.html,1
autodesk.blogs.com/between_the_lines/,1
autodesk.blogs.com/between_the_lines/2010/12/autocad-exchange-expert-of-the-week-emmanuel-garcia-1.html,1
autodeskcatalog.com/,1
autodeskcatalog.com/mediaentertainment/,1
autodeskdocandmedia.com/,1
autoenclosures.com/,1
autoforums.carjunky.com/Automotive_Repair_C1/Electrical_and_Wiring_F6/2001_pontiac_grand_prix_3.8L_Security_system_P57412/,1
autographed1987toppsbaseball.blogspot.com/,1
autographsforsale.com/dadubennoaua.html,1
autohomelife.net/,1
autoinsuranzequote.blogspot.com/2011/04/pontiac-gto-1970.html,1
autoline.info/s/buses-SETRA--c5tm2749.html?page=6,1
autoline.info/s/buses-SETRA-315-GT--m5205.html,1
automatedgenealogy.com/census/QuickMatch11.jsp?id=44972,1
automatedgenealogy.com/uidlinks/BioList.jsp,1
automatedgenealogy.com/uidlinks/WWIList.jsp,1
automobile.wikia.com/wiki/Chevrolet_El_Camino,1
automobile.wikia.com/wiki/Ford_Galaxy,1
automobiliart.blogspot.com/2011/02/artist-rob-roy.html,1
