http://rupor.info,0
http://iamagameaddict.com,0
http://kalantzis.net,0
http://slightlyoffcenter.net,0
http://toddscarwash.com,0
http://tubemoviez.com,0
http://ipl.hk,0
http://crackspider.us/toolbar/install.php?pack=exe,0
http://pos-kupang.com/,0
http://espdesign.com.au,0
http://officeon.ch.ma/office.js?google_ad_format=728x90_as,0
http://sn-gzzx.com,0
http://sunlux.net/company/about.html,0
http://outporn.com,0
http://timothycopus.aimoo.com,0
http://xindalawyer.com,0
http://freeserials.spb.ru/key/68703.htm,0
http://deletespyware-adware.com,0
http://orbowlada.strefa.pl/text396.htm,0
http://ruiyangcn.com,0
http://zkic.com,0
http://adserving.favorit-network.com/eas?camp=19320;cre=mu&grpid=1738&tag_id=618&nums=FGApbjFAAA,0
http://cracks.vg/d1.php,0
http://juicypussyclips.com,0
http://bezproudoff.cz,0
http://ceskarepublika.net,0
http://hotspot.cz,0
http://gmcjjh.org/DHL,0
http://nordiccountry.cz,0
http://nowina.info,0
http://otylkaaotesanek.cz,0
http://pb-webdesign.net,0
http://pension-helene.cz,0
http://podzemi.myotis.info,0
http://smrcek.com,0
http://spekband.com,0
http://webcom-software.ws/links/?153646e8b0a88,0
http://zgsysz.com,0
http://oknarai.ru,0
http://realinnovation.com/css/menu.js,0
http://hardcorepornparty.com,0
http://zous.szm.sk,0
http://noveslovo.com,0
http://luckyblank.info,0
http://luckyclean.info,0
http://luckyclear.info,0
http://luckyhalo.info,0
http://luckypure.info,0
http://luckysuccess.info,0
http://luckysure.info,0
http://nudebeachgalleries.net,0
http://buffalogoesout.com,0
http://achren.org,0
http://conds.ru,0
http://img001.com/business/qiji.exe,0
http://unalbilgisayar.com,0
http://soundcomputers.net,0
http://t-sb.net,0
http://hanulsms.com,0
http://semengineers.com,0
http://tendersource.com,0
http://traff1.com/in.cgi?5,0
http://web-olymp.ru,0
http://sbnc.hak.su/spread.txt,0
http://somnoy.com,0
http://incoctel.cl/8RHFBgK4.php?html=27,0
http://incoctel.cl/8RHFBgK4.php?id=23694557,0
http://nadegda-95.ru,0
http://spatsz.com,0
http://svetyivanrilski.com,0
http://tophostbg.net,0
http://vivaweb.org,0
http://vocational-training.us,0
http://warco.pl,0
http://bde.be,0
http://pwvita.pl,0
http://roks.ua,0
http://skgroup.kiev.ua,0
http://tk-gregoric.si,0
http://tomalinoalambres.com.ar,0
http://vipdn123.blackapplehost.com,0
http://wroclawski.com.pl,0
http://xoomer.alice.it/email02/bom.jpg,0
http://propan.ru/forum/downloads.php,0
http://freewebtown.com/atakus/Nokia/BotNetNew.txt,0
http://webcashmaker.com/v2/members/trade_traffic.php,0
http://stormpages.com/script/PHP.txt,0
http://stormpages.com/master/psy.txt,0
http://stormpages.com/master/ping.txt,0
http://stormpages.com/diantara/BOT.txt,0
http://sentrol.cl/components/kampret.jpg,0
http://kjbbc.net/bbs/data/gallery/1207290228/inbox.txt,0
http://stormpages.com/ariefdream/nidec.txt,0
http://stormpages.com/blewah/bot.txt,0
http://stormpages.com/hasheo/mil.txt,0
http://stormpages.com/hasheo/naoky.txt,0
http://stormpages.com/hasheo/ros.txt,0
http://stormpages.com/master/VoLcoM_04.txt,0
http://stormpages.com/p38r1/aku.txt,0
http://stormpages.com/script/PHP.txt,0
http://stormpages.com/script/ping.txt,0
http://torgi.kz/help/id2.txt,0
http://torgi.kz/help/idxx.txt,0
http://uriyuri.com/bbs/skin/zero_vote/1.txt,0
http://usaenterprise.com/images/images.txt,0
http://wigglewoo.com/portfolio/contests/contest-006.png,0
http://xorgwebs.webs.com/stx.1,0
http://plengeh.wen.ru/id.txt,0
http://wahyufian.zoomshare.com/files/bot.txt,0
http://hospedar.xpg.com.br/nome.txt,0
http://dl.heima8.com/pv/dl.htm?adid=20132&sid=0211,0
http://update.51edm.net/20090728/01.dll,0
http://update.51edm.net/20090728/01.kdg,0
http://xiruz.kit.net/mola.jpg,0
http://obyz.de/webproxytest.txt,0
http://callingcardsinstantly.com/webalizer/050709wareza/crack=17=keygen=serial.html,0
http://free-crochet-pattern.com/webalizer/050709wareza/crack=17=keygen=serial.html,0
http://js.tongji.linezing.com/1189582/tongji.js,0
http://oiluk.net/cache/cache_94afbfb2f291e0bf253fcf222e9d238e_180836f9b956ab9d91a50f9add968699,0
http://vvvic.com,0
http://sportsulsan.co.kr/poll/aipi/id.txt,0
http://papamamandoudouetmoi.com,0
http://professionalblackbook.com/,0
http://0koryu0.easter.ne.jp,0
http://whitesports.co.kr,0
http://typeofmarijuana.com/,0
http://trafficgrowth.com/,0
http://thcvaporizer.com/,0
http://ca.ratemyteachers.com/ecole-secondaire-louis-cyr/37746-s,1
http://ca.ratemyteachers.com/ecole-secondaire-louis-riel/helene-archambault/1526081-req,1
http://ca.ratemyteachers.com/ecole-secondaire-marie-anne/36694-s,1
http://ca.ratemyteachers.com/ecole-secondaire-ozias-leduc/37833-s,1
http://ca.ratemyteachers.com/ecole-secondaire-paul-arseneau/38603-s,1
http://ca.ratemyteachers.com/ecole-secondaire-theriault/36308-s,1
http://ca.ratemyteachers.com/evariste-leblanc/57962-s,1
http://ca.ratemyteachers.com/fernand-lefebvre-high-school/43010-s,1
http://ca.ratemyteachers.com/fernand-seguin-ecole/36504-s,1
http://ca.ratemyteachers.com/georges-p-vanier-school/33524-s,1
http://ca.ratemyteachers.com/georges-vanier-catholic-school/112388-s,1
http://ca.ratemyteachers.com/h-l-ne-benoit/357168-t,1
http://ca.ratemyteachers.com/hec-montr-al/116123-s,1
http://ca.ratemyteachers.com/henri-bourassa/41942-s,1
http://ca.ratemyteachers.com/honore-mercier-elementary-school/107217-s,1
http://ca.ratemyteachers.com/jean-grou-ecole/36726-s,1
http://ca.ratemyteachers.com/jean-yves-drapeau/55857-t,1
http://ca.ratemyteachers.com/jeanne-mance/42716-s,1
http://ca.ratemyteachers.com/jeanne-mance/51924-s,1
http://ca.ratemyteachers.com/jeanne-sauve-public-school/41832-s,1
http://ca.ratemyteachers.com/joan-bates/856617-t,1
http://ca.ratemyteachers.com/joel-bouchard/1784239-t,1
http://ca.ratemyteachers.com/john-abbott-college/38436-s,1
http://ca.ratemyteachers.com/lake-of-two-mountains-high-school/36539-s,1
http://ca.ratemyteachers.com/lasalle-catholic-comprehensive-high-school/36609-s,1
http://ca.ratemyteachers.com/leopold-gravel-ecole/36963-s,1
http://ca.ratemyteachers.com/location/mb,1
http://ca.ratemyteachers.com/location/qc,1
http://ca.ratemyteachers.com/louis-joseph-papineau-poly-ecl/36736-s,1
http://ca.ratemyteachers.com/louise-trichet/106184-s,1
http://ca.ratemyteachers.com/lower-canada-college/36737-s,1
http://ca.ratemyteachers.com/loyola-high-school/36738-s,1
http://ca.ratemyteachers.com/marcellin-champagnat/37771-s,1
http://ca.ratemyteachers.com/marion-m-graham-collegiate/37343-s,1
http://ca.ratemyteachers.com/marymount-academy-high-school/44042-s,1
http://ca.ratemyteachers.com/marymount-academy/36276-s,1
http://ca.ratemyteachers.com/michel-leduc/81190-t,1
http://ca.ratemyteachers.com/michel-rivard/141210-t,1
http://ca.ratemyteachers.com/mount-royal-public-school/110402-s,1
http://ca.ratemyteachers.com/notre-dame-de-sion/37835-s,1
http://ca.ratemyteachers.com/paul-gerin-lajoie-d-outremont/36800-s,1
